iteration,roc_auc_difference,average_precision_difference,log_loss_difference,brier_difference
1,0.013039275122847083,0.009964946974582611,0.04470096279335267,0.02166317807219373
2,0.013095002151804036,0.018831495889132688,0.05145116486843604,0.024710712997710715
3,0.007926730548391436,0.006000551844966617,0.044213925280629174,0.021428619146658112
4,0.020130667424455684,0.01850111677240171,0.03792600717364525,0.018224893077245397
5,0.012687967260721855,0.02043602104414377,0.052715973735466326,0.0253973703599793
6,0.006304437230601034,0.008259649993521911,0.02994410090902455,0.014355763484633133
7,-0.001224691317742943,0.014910583412185208,0.038246498394675865,0.018605155162758902
8,0.009673263706904245,0.005630081304263512,0.04937082192580278,0.02367536088694297
9,0.015845982508896572,0.018420761204554104,0.05803324982125946,0.027668569563350842
10,0.012602741385650651,0.02357767292783916,0.045555878368589986,0.022174515898374186
11,0.001637803767275292,0.006356246284259903,0.05481530985714711,0.02673918745686249
12,0.011678626941799553,0.017199576547959533,0.0327519365471608,0.015862184839105925
13,0.03297607785350465,0.029692306300107885,0.024039340015209132,0.01155938609192933
14,0.01653470477131891,0.01211510535931093,0.02574298517016016,0.012419673717953134
15,0.017715801443961898,0.020080264951186977,0.05692957781602748,0.027403724973690285
16,-0.0021737173374022367,0.012502377709745521,0.034818977823585784,0.016932036508463477
17,-0.0033604384993443093,-0.000488966541089042,0.028676052247032624,0.013957850013281647
18,0.015119558154838342,0.00918808609828789,0.03746322963955706,0.017818534762177207
19,0.014934018899590451,0.014443483339364183,0.045106879837343405,0.021756060301169916
20,0.013881859831505583,0.021276384806398818,0.04686974034832181,0.02271551142604189
21,0.009009056429813755,0.011165672224925316,0.05652081252858521,0.027276635475729977
22,0.022615021519452494,0.037378811810527074,0.05539998687386061,0.02666487115908847
23,-0.0035198764153159257,0.01148134167118936,0.02803778613276864,0.013685000795907287
24,0.007524659492885388,0.004524856289720269,0.03118136984677833,0.015226026530491987
25,0.01585879363399989,0.013239267210924333,0.03441818818486708,0.0167995395130916
26,0.010525838066978488,0.012072305035598058,0.0553767306849926,0.026801669256507038
27,0.007030987913716702,0.02342485975821365,0.05363823180092764,0.025775378344288807
28,0.01372613157462399,0.0200939311076635,0.03449813052282191,0.01674300751882679
29,0.011325663106416473,0.026295436553274876,0.021104981698347736,0.010225274450600036
30,0.010919628847368745,0.024227409463444705,0.02842638613217141,0.013737693794550143
31,0.020924558665621484,0.02346102181654114,0.04820596940499078,0.023261880845385885
32,-0.0007513824884791687,0.0075901112831406325,0.038117844648742794,0.0182206205529174
33,0.013773986416251494,0.019653954019792974,0.059785389301134084,0.028749898402931268
34,0.005545997109513867,0.0028141410264591604,0.014360409213743597,0.006987352737989477
35,0.006424580274539071,0.016091695567854947,0.038818684859541874,0.0186686574484482
36,0.00876203142507126,0.017160690812355855,0.05458237783277653,0.02623173132195447
37,0.004204946811022903,0.006547901995527683,0.034924776888116016,0.016871666046421874
38,-0.002767733539789541,0.006038442727968052,0.03432230879366471,0.016828677678649706
39,0.007067424431290936,0.008453153301544974,0.05112082853350963,0.024524710536918792
40,0.012638829838438004,0.01356837886503423,0.04759346320460878,0.022864386040080148
41,0.018107544918260277,0.027426742804186444,0.04150881671562012,0.01996747320129491
42,-0.007961826564769847,-0.002459100454816565,0.035190755032160737,0.01697867498822911
43,0.03060882992288927,0.025752427688281787,0.02086364228741089,0.009965443316153844
44,0.016004790193699492,0.020943514199258828,0.04413618482899684,0.021350597491236217
45,-0.002966021034406463,0.01171218766525961,0.05719377773699186,0.027714056186838587
46,0.019370105113843405,0.019245828319119807,0.0505150469865524,0.024431703756600087
47,0.02632863014851805,0.023411397323302663,0.0384610038623584,0.018592470424167673
48,0.010640760270360539,0.02604176100587577,0.03740716180194059,0.018073908248083026
49,0.003522770225078631,0.0038731378067720645,0.04923988212188357,0.02385732377325689
50,0.017613123310585177,0.02187567099802859,0.045813183188664675,0.021904789416430703
51,0.011291394646281594,0.011206338070725186,0.048620427249991605,0.023393779074475596
52,0.0077760145718868134,0.0072451404881829495,0.03822116703838674,0.018479115831946336
53,-0.0039521780324474065,0.015598606643248664,0.03382154561319539,0.01637140664916928
54,0.02257576104996417,0.02487838779536916,0.035663391325690075,0.01714298485425969
55,0.015002451812390571,0.018122988141600016,0.04745767567653536,0.02298733968190969
56,0.011549235835281224,0.025310502590234485,0.05174140866751642,0.02496166047769713
57,-0.006854848722560258,0.004744204867092594,0.055188832530690846,0.026765578461768025
58,0.016387042201539304,0.020690723268795536,0.028845092353404045,0.013736448455835853
59,0.012012931103790314,0.035765491203583105,0.06338879635690575,0.030767310672580206
60,0.016455605348738467,0.029309594524430077,0.04432665588963425,0.021543130671674154
61,0.012494837789384983,0.012668322990835645,0.05539627256950386,0.02666813354706446
62,0.011161841550500151,0.02693843201878232,0.06288462856677568,0.030022482275037676
63,0.0008633507325102041,0.007913236190324913,0.041567254666532216,0.020091390562529232
64,-0.008382665923958199,0.008505420417733445,0.050775523605419925,0.024363308158953434
65,0.010546750344627931,0.012347653388698782,0.03001070827001162,0.014402012519726254
66,0.012904867166019351,0.011168004129765319,0.05751669747642463,0.02800780182096768
67,0.011247077104225012,-3.801966813293811e-05,0.025943891770963012,0.012611976189151802
68,0.013354762130510123,0.02351716495931347,0.044134395060465126,0.02113325916239911
69,0.008643105142269514,0.0005341840144000298,0.04511606482890618,0.021923652107106867
70,0.02902979700122177,0.03343242005804334,0.04516434299188965,0.021614953495589173
71,0.015651612927681025,0.0169288545107682,0.046098556573059724,0.022250099041950244
72,0.023183841999121158,0.021043995437436486,0.028069094949877305,0.013458981140872739
73,0.024041282550960164,0.014599077431456914,0.044884294274436076,0.021652673462001143
74,0.008283687409914142,0.008700692801013765,0.057821326815906016,0.027961811817950738
75,0.00732935325618711,0.018258807284428857,0.04366000521622293,0.021240668667893092
76,0.013268727343039632,0.02033191722053168,0.04464343881700228,0.021447659247837564
77,0.008992319952868422,0.01830391922543756,0.036653617011613515,0.017870584531025996
78,-0.004031264555193315,0.019272211097804914,0.037253493284478245,0.018173046903774553
79,0.00214982391853602,0.012757582410286461,0.03349250795539438,0.016280221884369173
80,-0.0006175936346130007,0.00018387198043731678,0.030296204793838877,0.014670857797058623
81,0.008094738985282124,0.018361231485370444,0.04299504246710639,0.020773072493508654
82,0.0008593614497016677,0.034963444317481024,0.0523513776807355,0.02559621523587144
83,0.007515321117207985,0.03735276264898793,0.04927034220985693,0.023939497842049295
84,0.0034837505982293626,0.003943584005331069,0.04910304226744544,0.023734417640927402
85,0.0232503679405075,0.022963581053700194,0.04028905970994967,0.019533831685926234
86,0.030643185815175,0.018404555359296693,0.04203069661128156,0.020449145973450683
87,0.01217044195422623,0.012351517194069905,0.04784877983592195,0.02296152800314044
88,0.0007733214775741404,0.012706068727477537,0.04113211397041994,0.0200201935631959
89,-0.007369803719796453,0.005379958951750918,0.049912148569996595,0.023880876182735183
90,0.012356077428840373,0.02166199177378289,0.0477877554119327,0.02300418530772322
91,0.025965872388441724,0.029813514733151303,0.022598147594668827,0.01086236647421146
92,0.01754202630992807,0.008546050934991722,0.03460573704475933,0.016766067713130994
93,0.017931986756974272,0.042000367518553544,0.03888617975777742,0.018681672780254482
94,0.032232958238451515,0.03290378949810191,0.03625685695558667,0.01752507678674109
95,-0.0020639259200057047,0.007137575249165556,0.05804262122504733,0.027948653941891582
96,0.01704602883744999,0.0168493368916261,0.04242676649661026,0.02049012546941198
97,0.007190120038687575,0.00383966758835963,0.04325465513207738,0.02103577633684367
98,-0.0008677392964275832,0.016569699896494483,0.03421338258860829,0.016609283029600685
99,0.0013751535995328856,0.019195429593209162,0.039808497590589575,0.01928376856688413
100,0.008810919041933318,0.020044429805292113,0.04362633217943279,0.021074927348902678
101,0.012191636291074226,0.020993183164376372,0.03537453355969167,0.01710082437417529
102,0.011895270392584978,0.0029249537323036146,0.03852391292117119,0.01875903016747532
103,0.00883851405844005,0.004830840980277057,0.024975010297383582,0.01188016673827702
104,0.0261771510520864,0.024515527796595604,0.028657229610532076,0.013850253439851856
105,0.012981026511647675,0.02073170017776979,0.03324473918678905,0.016126441538042713
106,0.00789390677575652,0.006309110550438618,0.02767059411809092,0.01337549052937817
107,0.0032794850729811476,0.018193958794103154,0.06165133882728768,0.02944607678817282
108,0.014301643581643764,0.01989103444945825,0.0349599208995125,0.016918281045140066
109,0.012828616825492412,0.030257051080959885,0.05330441592069035,0.02575317908697977
110,0.01028803919509802,0.008952578271396061,0.044576062820669726,0.02153833589965809
111,0.019055520059780173,0.0232100603672713,0.04811966871873563,0.023325267596886523
112,0.009122775188434518,0.021396413022413824,0.0343944750496723,0.0166085476031127
113,0.020110118002045096,0.03728173673052246,0.035361421472480115,0.017066027991206018
114,0.005529912793584391,0.01617906993478921,0.042995908808509786,0.020846340242789668
115,0.008942309220143607,0.0025963951099636784,0.023943935048554188,0.011583505732330746
116,0.014850534583592534,0.027074784024838816,0.032154535013282026,0.015496617753418263
117,0.02182702020202021,0.034263605468137115,0.03871765493890367,0.018692970648905738
118,0.01917661324607889,0.03498270425742436,0.05310028667233968,0.025594341541943372
119,0.02340553474694196,0.02156667101932755,0.028194266365423326,0.01370371827093439
120,0.013792820000357087,0.022425407491276944,0.04191715644193739,0.020276165092343368
121,-0.0046389372885335955,0.0011776909022286897,0.03912437703156613,0.01881035926433458
122,0.01661305123068013,0.013989922445869385,0.029179961638368557,0.014251241251895252
123,0.01450843728997897,0.019403299580951272,0.036957224693734636,0.017789915971279824
124,0.014305646329834776,0.017154911209425583,0.03330023742280963,0.016060426556839424
125,0.005542583207568508,0.00046417310382917965,0.03359370297994746,0.01641364697777767
126,0.027141789824785878,0.04668866535852184,0.04001303220365948,0.019461522001890552
127,0.02188745457337249,0.03385340275708407,0.03702361194975179,0.017941165401567594
128,0.010094224552999798,0.016892396955205807,0.05333968795089883,0.02573012679851583
129,0.014690880954931984,0.03874660060361648,0.05439157902541347,0.026437395257938895
130,0.020439324772564937,0.028332787681818128,0.037291123258597736,0.01803143707593599
131,0.010792618952335187,0.027929075214741306,0.025148914407373435,0.012246666191410932
132,0.01400019720243173,0.026525397479972984,0.05559167656156405,0.026820205716928475
133,0.019347349275898096,0.015370649240271955,0.048357130191401976,0.023308538161751935
134,0.014801128683805453,0.01927142415698857,0.0600821261002239,0.0288143680217067
135,0.022823051312717002,0.025289087866484677,0.05403319660504213,0.025978226792270492
136,-0.004057130662403319,0.023112302708597043,0.0470381015907968,0.022866707981704315
137,0.009680634769103857,0.019126757579397857,0.04528793907563955,0.021953713898962696
138,0.018899293190010935,0.0201176401072512,0.0426805686791486,0.020586743358460724
139,0.008042879668178626,0.01940041314749069,0.05436763739811723,0.026285533614506973
140,-0.004327539346569931,0.024709614138153313,0.048627010250174796,0.02333770350631842
141,0.0023844535594365057,-0.000756346194385582,0.036458026204562954,0.017527985157045928
142,-0.0017474959543579693,0.0025161255327351972,0.03646445432394918,0.017609983975246768
143,0.02813077871049907,0.034387819706853395,0.0329688219697557,0.015862135051920717
144,-0.008080968228488583,-1.3195038093882783e-05,0.04666154020225832,0.022531094136665153
145,0.014241956604690964,0.009831943896681294,0.05144380683326044,0.02477898173121673
146,0.016378823613783067,0.018216618811579377,0.019104878463145902,0.009078887326993273
147,-0.015905314628877898,0.0026702916074159977,0.04670890358647495,0.022780555738838054
148,-0.0054007779247718934,0.008656546113529812,0.03424749834848306,0.01661102542053286
149,0.011179857259298931,0.00979330579420179,0.040809422117733085,0.019632840325836315
150,0.02265972935653149,0.03639832954212174,0.02943173970818691,0.01429522726579413
151,0.0023440536979080218,-0.00812550860845837,0.026683960171354215,0.013096269658205734
152,0.02569589144210449,0.035599188501599904,0.04314516847211314,0.020797308281449434
153,0.005299214326353385,0.017976983625761056,0.02453541003064874,0.01184280217283007
154,0.00906159681944374,0.010648935890730987,0.04088557473400378,0.01970232671278402
155,0.01221957483473679,0.025335400949776266,0.044981320073166575,0.02191440043035811
156,0.012227301554770031,0.010552807162910322,0.050446185492921236,0.024111377180136256
157,0.0033555876550169783,0.020113112882683915,0.043299535636694086,0.020823387055476622
158,0.015581968778330735,0.028919791348361507,0.044685550074114455,0.0215833063163689
159,0.01909772846238922,0.04617191114028668,0.04887691617392509,0.023653442025295957
160,0.01137149270482607,0.013181107388698099,0.03993005178719966,0.01938091092007141
161,0.0035451145075076074,0.001331177396035721,0.034023293268287236,0.016421915714281615
162,0.015903331306391433,0.021089324025907075,0.039229695641324724,0.018786617833448038
163,0.002810876167057663,0.01557982411444575,0.03822494531909071,0.018520841170518026
164,0.018544795764911637,0.02175158196264776,0.041780308539790534,0.020064661545227402
165,0.010840376935541407,0.014948393336014387,0.04945699737536102,0.023871095543144816
166,0.012173476417903561,0.025398629362571368,0.054221581053689794,0.026091760028406297
167,0.010316483762151774,0.022975001559295855,0.03494425367917109,0.016841124916770145
168,0.0024791028503192702,0.003934779453890314,0.04725722620428752,0.022751597106545562
169,-0.0018742169450731705,0.007703279264601709,0.0455069105142063,0.022191718957833423
170,0.019127684666876976,0.03704445285843941,0.030611393353230376,0.014943326466082957
171,0.011486024476811796,0.0333259142851593,0.041645879337705694,0.01993538165978606
172,-0.008559625690609196,0.002245375539224659,0.04727094328824244,0.02267780249917803
173,0.00021837689002812688,0.01952194350787534,0.043935110254927245,0.02128262784090601
174,0.01650078063502458,0.006539101606512915,0.04344511949802987,0.021014158734733807
175,0.016625160155176566,0.02574125979963171,0.05256661603045487,0.025063143169249485
176,0.01579613874641339,0.02837077137790256,0.04990664735081163,0.023905499944248176
177,-0.0026990896738061654,0.013593157410148271,0.055808215702348174,0.026865415606033977
178,-0.0036243720673024837,0.0073127699392419865,0.029993360566424987,0.014546749238366768
179,0.002550231526912139,0.009674135712216203,0.040678842915659486,0.019788952137652693
180,0.02284681036473557,0.01781932066936498,0.042398627984114756,0.02056260804254237
181,0.0217378675427935,0.020760269230608086,0.024873512179994672,0.011853599365453465
182,0.00964876071823928,0.017903903567412463,0.03593406925319076,0.017349408496480895
183,-0.0005322366656007604,0.012975369918347524,0.03309370131072231,0.016077372399284057
184,0.01734440810981519,0.019878961631771302,0.046366458741458616,0.0223551125998524
185,0.004721693097284874,0.0192765942541272,0.03469835721933778,0.01670054761115311
186,0.0069010233689899,0.013857707094808214,0.02726560481985385,0.013174237233911867
187,0.015696520201024633,0.025571292832187342,0.04031648891899675,0.01947909161640768
188,0.01198001421529371,0.027636272131693285,0.04577916981315,0.022238663951479026
189,0.015379735469126077,0.004860600496360862,0.029458779200772334,0.014276208929355966
190,0.0026946045254602202,0.004071051477021942,0.02158894088237351,0.010451842966735098
191,0.009812682477095769,0.008846516762989143,0.04255664931392633,0.020276502366610993
192,0.023632124438941138,0.03958702093533473,0.053194220830685146,0.025536691112669235
193,0.013977081450793682,0.030376408599147586,0.04188179700971051,0.02037775158476221
194,0.020026873747942098,0.010305130316714983,0.0474086013859053,0.022790393074700377
195,0.019261298656820802,0.01117229671404607,0.04808584576961039,0.02332689244335104
196,-0.004186243679518364,0.0330724627194586,0.0469113636099,0.022722143596168393
197,-0.0036645949357004826,0.0018060004368521398,0.033842969293287894,0.016296980625187724
198,0.017269694347689102,0.01281113501126524,0.04866567156701884,0.023366224363466553
199,0.022369697868165228,0.025721639321038603,0.028021174376113955,0.013449016466922425
200,0.015986910860363968,0.02106881672208888,0.02746746674076228,0.013314832881192451
201,-0.0001624158569316636,0.0034592550645833886,0.05356256511823454,0.02596068798831938
202,-0.0015004467433368252,0.017537090593288895,0.03879817858289403,0.018772924154079662
203,-0.0021026294943023993,0.025106016849328033,0.04494055767054084,0.02172793178527263
204,0.01767873377036555,0.025523431911306377,0.05773922487917549,0.027826224009507544
205,0.01966373680652722,0.011753427366601676,0.041808197678159686,0.02013990265690513
206,0.022662385988374445,0.03781707520898828,0.041431830404947356,0.02009013385541014
207,0.01575103640653608,0.029851367362830283,0.04077510232576331,0.01972926603122402
208,-0.0012991801638876366,0.01844685079915115,0.031052726994782454,0.01510086952674597
209,0.011373918277321926,0.01037705448169679,0.05376686582881196,0.025934030474912023
210,0.012245234356111356,0.013736465754240257,0.044791242411655885,0.02151825816248301
211,-0.0018459830951134126,0.007092657598179453,0.03232280833409906,0.01576513051662734
212,0.016770849694433543,0.02194014920781151,0.01683596223905648,0.008194495101548904
213,0.021353245940640253,0.02061371453525304,0.0335587266790921,0.016139456623938148
214,0.008474768589143977,-0.00012423242756132158,0.04308424950533163,0.02085675050004826
215,0.00503767964936519,0.00955989407304042,0.03001812279870042,0.014300714227011652
216,-0.009791434150283718,-0.007221852052956862,0.024818079548554528,0.012123191758325685
217,0.01486035062432789,0.02162671130973315,0.038796920437514704,0.018700002121972592
218,0.005743660225833502,0.027046281950416695,0.04931090539639971,0.02374336020302742
219,0.013664623837700729,0.021822028572455354,0.023236889200671462,0.011236474999025664
220,0.002421817539937088,0.014329864848174556,0.057691874487621586,0.027908948737398825
221,0.020314267306177913,0.025794177577246113,0.03643337660220991,0.017661597869721157
222,0.014768869795586337,0.022994357076130845,0.035865171131064355,0.017277472432594643
223,0.025964754917118027,0.025625070715649345,0.0309211683656746,0.014816790167055532
224,0.012444955245236033,0.008250709651221322,0.03325210627296271,0.016180185547495313
225,-0.004897741935483868,0.009804826303176584,0.034788848032642816,0.016790633175870512
226,0.024031742592323213,0.02742172752837363,0.0501636864288697,0.024055758646926245
227,-0.007493340776835056,0.007024470819599615,0.044582397044976574,0.02181940656196546
228,0.0012768683967406824,0.008082022638829012,0.038834399754994586,0.018890018179528595
229,0.006242945724651783,0.028899429472401067,0.03443947112694534,0.01669267189444018
230,0.021557000248915492,0.026642308638869183,0.02361785097054947,0.011474120728363874
231,-0.0003817842246124359,0.00827327931431987,0.019675551706124894,0.009602102614580332
232,-0.00019778793286928664,0.019547505484538097,0.04875144570234924,0.023517177851517218
233,0.008777517911262245,0.015607865848459357,0.05184052038373843,0.02501520806708349
234,0.019094366893940173,0.021406372428955073,0.024949135476977413,0.012004831101639163
235,0.024345359326284677,0.030222048481469976,0.04228142615330155,0.020307084434458722
236,0.007830414136546615,0.012448498646478623,0.0415148203780803,0.02002878461345936
237,0.0010476694720867874,0.013236369558478678,0.03284352096320964,0.015825269489097377
238,0.009444757257495162,0.010667414842520845,0.031053624596835028,0.015025694690486785
239,0.007926255979544772,0.01563581382788326,0.052577047890801865,0.025374045302395787
240,0.027039370727535372,0.028598977979858914,0.02939589497229378,0.01410598090139184
241,0.006468587198566689,0.02579565842814363,0.048459093378814266,0.02341209982970255
242,0.015102013960848426,0.02424286409625173,0.0492454501042221,0.023761726404814887
243,0.010026834785812344,0.011046606114757385,0.03534492152896129,0.017156554654527645
244,0.004511981243759511,0.013997625017008325,0.045269188090622414,0.02184519998034931
245,0.017982517318669622,0.03151651426112301,0.05444497707201279,0.02605147512762318
246,0.00655346486540509,0.018642511226334035,0.05437733107718301,0.0263553240426401
247,0.0019431068796205153,0.014322521631194074,0.0052884036393653355,0.0027573698070814667
248,0.009620050638542765,0.026673466965824566,0.04839680449054029,0.023456479578049194
249,0.020098527102869967,0.01882816026013523,0.051133736428444765,0.02461360923075076
250,0.010620751202069845,0.014280779075055011,0.03774747580742388,0.018231739342080944
251,-0.0017026894673053405,0.0016340045908403433,0.04277423010435988,0.020571193800115378
252,0.0006446815459254518,0.02203900585082766,0.04577514957249773,0.0221919943989472
253,0.006719203940895535,0.02102273273311256,0.057728449466291853,0.02782500523133699
254,0.019956848093722557,0.034605664835707206,0.046189876079953174,0.02214087367674672
255,0.01721380037448461,0.0194620012182532,0.05045210997113114,0.024071707266919457
256,0.008660186569821038,0.011805949197965376,0.04543346798443726,0.021919399667081535
257,0.01664062059439486,0.01560682980992334,0.044170046860852574,0.021144558189121254
258,0.012430561157790065,0.03622076866832161,0.03394635717507777,0.016305596530674232
259,0.01945879462358424,0.02934181174966688,0.04090305984124576,0.019678293629732557
260,0.00496556533922532,0.018093186314361298,0.04904258170058917,0.023781225962615615
261,0.018325334128488358,0.016239188361312495,0.03209984522554854,0.015560775828870277
262,-0.001076324704941678,-0.005313620830225907,0.03450830282484163,0.01695484863098609
263,0.021486184746454917,0.025854743905863786,0.04606955190142803,0.022082603945412504
264,0.017280654832849796,0.026975887376031293,0.044281697798099984,0.021145195639665326
265,0.008366398065699499,0.02231541600810749,0.03349859967230806,0.016266571503648214
266,0.011151844858488191,0.014543991159701647,0.046280538200340615,0.022173124110560383
267,0.020397420125291443,0.03823251555535978,0.04348008555492633,0.02067148880352984
268,0.015497659070991543,0.011574012279020968,0.014102803135162878,0.0067630799014204435
269,0.0022814333858390823,0.014494699762227281,0.043095365896728355,0.020646349883454013
270,0.017375674628250515,0.025884586983470875,0.047401556059715966,0.022806678356580096
271,0.01471699076063604,0.025859846806385922,0.051508261900133134,0.024677823499475643
272,0.0075624349479843644,0.033405050058966046,0.037852183063436406,0.018222550182846076
273,-0.0008879928143047389,0.018254706039997348,0.03557685432411173,0.017180221863487916
274,-0.0012455585513035938,0.005092050559919181,0.02367913559958268,0.011398819445576497
275,0.021336469757786913,0.04311366305476497,0.039375617329082346,0.01887597623821985
276,0.005472125628063651,0.02075424797711134,0.04364219929063373,0.02116909340184206
277,0.013264368220871958,0.019228344803746356,0.04012057568719607,0.019276586567627263
278,0.017229113972075605,0.024872901595965696,0.04195115093354962,0.020147004338310154
279,0.007702515803481469,0.011450352187493407,0.058360122188900077,0.02842041090525535
280,0.012016193506586781,0.020092014902086563,0.040056324567058765,0.019214783811327157
281,0.01404408246798916,0.01396925973451349,0.0288583253899497,0.013764721027764354
282,0.015751717793523246,0.007860555637081101,0.03762867024107952,0.018303347028586242
283,0.0267533581827486,0.024947107817560044,0.049711952497569545,0.02373362538364368
284,0.010105473316420532,0.011451208837238158,0.025817438889093824,0.012362202736372813
285,0.01588052637162285,0.024089118705654416,0.03156728646586171,0.015445848233399756
286,0.015157328440267737,0.025466082020345004,0.03872986471649753,0.01873317755349682
287,0.01189864468176427,0.018492146141698834,0.0356976802113651,0.017229016062897506
288,0.011118480763280036,0.011361663285826468,0.04169187186317991,0.02036553409450087
289,0.007749330430313339,0.008990705716940772,0.04208714297924865,0.02021020983361707
290,0.012029377001989472,0.030152897353645458,0.05031553147850243,0.024281924151559303
291,0.016679793417912037,0.004720103829084665,0.033109720760179595,0.015846381301909046
292,-0.004844847671654162,0.0048171467323060435,0.040508852126096895,0.01973108769836926
293,0.016891255081086798,0.01566285624976077,0.04611551522830415,0.02218650850946155
294,0.018575259357903384,0.027080353108507482,0.050254303188464244,0.024047664274135766
295,0.005400266163921641,0.02197706801839694,0.03452421756056967,0.016801058740392977
296,0.0022336177864923368,0.00483517818748494,0.05104272891571937,0.02469874413872994
297,-0.0053162354319635785,0.0038852991564641004,0.03105753486983287,0.014994652597084601
298,0.01936473295961294,0.019346118032250226,0.04216165928713966,0.02006374835437591
299,0.022618583373574364,0.030441184092184048,0.04892073649682116,0.02346421093085757
300,0.008374665443214746,0.03163328858457845,0.03613437903395278,0.017544402193275188
301,-0.0036700964787851342,0.012879890732286126,0.05740239320057661,0.02791463412215464
302,-0.005622678735869746,0.001734411092609106,0.022289069461674194,0.010846459182114382
303,0.016103858781051694,0.01403680801377763,0.04714171155724045,0.022538733958403195
304,-0.0066212374103583604,0.006852431195251973,0.04303329296962921,0.021077640454723434
305,0.0016751707294233587,0.023379608848950822,0.02739676473688446,0.013411127338841394
306,-0.0035948516470278857,0.010403671002137571,0.02674323562235459,0.013128915190468465
307,0.0005099877120330332,0.015294764926619686,0.0557000621095749,0.026873220748730886
308,-0.0015185119753897691,0.008235484624206424,0.022448719707758635,0.010764152508133201
309,0.008150065511057458,0.026633863553645803,0.03810054737457824,0.018267905479029234
310,0.0337746874906506,0.030717389116034943,0.025468361099399872,0.012208547618894366
311,0.005781779611967686,0.025787890041145095,0.03578372605064739,0.017321072116464914
312,0.008888431011441766,0.020538632027572223,0.03268068091196363,0.015731368739645757
313,0.02353661319655309,0.028516480489421264,0.016789414251628165,0.008067267633676212
314,-0.009979650664345918,0.015591529712602359,0.05011744774158977,0.02450649650982209
315,0.02314592853916264,0.02987237504282869,0.027012478107655502,0.01309231481259543
316,0.005491018681281767,0.01751111081843723,0.032022633511800014,0.015443365871477738
317,0.016011060542492572,0.0238166318608643,0.05298551003805352,0.025612917256623208
318,0.009312432378523416,0.014389837245521175,0.040590906314709185,0.0197723553460952
319,0.007200200033170234,0.01269009509219915,0.05773806666980885,0.02793074902152526
320,0.01227708635405611,0.022657673437262493,0.057047173462794976,0.027383603323398925
321,0.011021611400709008,0.02575765246725159,0.04877715065423516,0.023502370686761198
322,0.0028163208018633368,0.012765950871979598,0.03856181218701937,0.018802708894006315
323,0.02182353995920272,0.024813519949582058,0.052642175717359185,0.02547734915084196
324,0.019784048943317534,0.03430536086259589,0.04089605533223528,0.01980275388606134
325,-0.0009842724256702295,0.01106763517180448,0.05111198503777836,0.024747959433247285
326,0.014993893607968767,0.02394834567692078,0.04149165955391532,0.019954880393801167
327,0.016429788023867187,0.019767275897305814,0.04803683387372404,0.023363674089202757
328,0.014699230503402272,0.02643266664697852,0.06254861920945642,0.030207592651597198
329,-0.00195799993932122,0.0123891047787405,0.04320266402306305,0.021022277601148498
330,-0.0020487986369689404,0.016401148112297176,0.038601408845156504,0.018649433069185678
331,0.019182199772339148,0.025461748987260557,0.041878390375788666,0.020221714256120404
332,0.005908631234395001,0.0184299817854445,0.03835679240564405,0.018670351913387145
333,0.016220478343682343,0.020281056878850373,0.040267462447558855,0.01943133222503421
334,0.02310835800604194,0.01730366516373333,0.03942835915031351,0.01901240041142488
335,0.02122717675239061,0.03590756405843404,0.04669307845195969,0.022492799571875888
336,-0.0018120095892758536,0.01493489108962362,0.03985827859586899,0.019423892648327473
337,-0.002304577947252584,0.00025469229899316437,0.041791846907678565,0.02019831775296671
338,0.014610453542328816,-0.0004089677023676741,0.0318677883969779,0.015317052499241868
339,0.013340028150431116,0.024757361279791223,0.05566700844744399,0.026937906876472933
340,0.015348699643189967,0.017497281706510825,0.04113803602675781,0.019753449719966204
341,0.014942091998691898,0.02846369755431999,0.03066469999050958,0.014614035143682175
342,0.00842645405558795,0.020344606211126437,0.02875769421313734,0.01391364064642911
343,0.019078203796534576,0.0143857724522366,0.02832890035833935,0.013851469769174979
344,0.014301736969648315,0.016147599218607922,0.03389393743304736,0.01629802030982605
345,0.0166152161720452,0.02619830758820124,0.01632324246815564,0.007918692241214081
346,0.020401626014132646,0.017240318312538305,0.036245792006853295,0.017426015418349983
347,0.005913290556852524,0.027241207487715913,0.03309821198128926,0.01590938909280895
348,-0.0036453768990076796,0.007836709673716163,0.03423902802733669,0.0166682923676158
349,0.015067755862447463,0.017974212659465,0.039210314769511534,0.019116487428501222
350,-0.0024511008178221827,0.003418700950068354,0.0465144987595818,0.022600526840825447
351,0.009191441725678429,0.023692857928539313,0.05262032669343153,0.025258318187727447
352,0.015084756059204008,0.02088515910996322,0.03190255280498833,0.015534904059228694
353,0.009649313944359195,0.02624388452603421,0.0447110596478455,0.02160126004126453
354,0.013421434440473723,0.013883366671955638,0.037209048538755174,0.01781060634532622
355,-0.0013890210774705203,0.010324055161489237,0.024339704561517572,0.011797449131548093
356,0.01749549169832776,0.033469184011362035,0.03280413571839513,0.015762845025342198
357,0.014398919255034892,0.019464910395709356,0.052605567217585913,0.025222547469571366
358,0.005037055636717747,0.01269013573174993,0.051297421584097,0.024627274268690325
359,0.01256732956340434,0.0011193654191768432,0.055757627051153946,0.02679553725257383
360,0.020698463886957397,0.021174540119765772,0.03656797093402875,0.017607933712670082
361,0.02213114171281716,0.019335291092834356,0.021958335048507416,0.010674157280997493
362,0.00919756743611122,0.01047855854775559,0.03956240297404945,0.01909251637318135
363,-0.007136069219490726,0.008334457341742263,0.046421794490623225,0.022620803508013376
364,0.016788999848427966,0.009198449563426359,0.029811376974610337,0.014355459559615369
365,0.012589612860364086,0.03843416879246653,0.04840134870396606,0.02340700182302871
366,-0.0026371561404414656,0.02161386751603489,0.04637157506827039,0.022431468906153024
367,0.0019370640613494139,0.011830104293433452,0.035670000718192485,0.01741495617075814
368,0.023279799337327267,0.04496902965762875,0.043562166180073136,0.021048482224429454
369,0.021355421455276136,0.030434073913213178,0.03338138756295006,0.0160513990599688
370,-0.0029598096927031525,0.00670122238448978,0.051743844603046485,0.0249241929696547
371,0.012466530163562362,0.02168356326951959,0.042516341170091065,0.020532398411278324
372,0.010674276883585354,0.017455103022174845,0.054870416630810825,0.02679567934242741
373,0.013904202959566403,0.006119995876475326,0.040584372933088475,0.019510478279853832
374,0.013120086355909444,0.009461916498652023,0.033562906439166595,0.016398675552675268
375,0.0012649966934291657,0.012412462134673757,0.036671719383026935,0.017675530954682245
376,0.003173665545773363,0.01630742400703261,0.028279957111355447,0.01365566251343972
377,0.009863609107471527,0.021389205177421766,0.03801556370478831,0.018323204269763138
378,0.01621612238969683,0.002072165176018631,0.05188208433021424,0.025109591221897376
379,-0.002488912861423165,0.00526163834025517,0.06035115515279632,0.029202908860532922
380,0.01803904547628754,0.0277158400243456,0.05756262996366557,0.02782037187218772
381,0.016230107207278466,0.030071740105406586,0.04427865621221738,0.02136015716913972
382,0.02025257734919572,0.033196988778526004,0.04036969648748123,0.019343423542242943
383,0.012503153064448824,0.029241899378464498,0.058118183342844465,0.028244009902222506
384,0.012827679646728263,0.026692519614758742,0.02722089197353683,0.012958353336582962
385,0.005115871144041884,0.0030081471864943365,0.04606319243711898,0.022429869888656
386,0.009724518273762972,0.01089927801699131,0.035082816117649074,0.01679183683648297
387,0.013590253455118328,0.01492252392110216,0.04664350641656978,0.02245528945856934
388,0.002028748712201267,0.006402331822267626,0.025397903529268295,0.012163290047660286
389,0.006702282028005158,0.002179640540482586,0.04585240872523488,0.022215877080605156
390,0.007239632027717491,0.01491076837690633,0.05182911287030478,0.025064102579552383
391,0.010316188488324052,0.016234285531231157,0.05002425498331542,0.024121060562081187
392,0.02589317617211584,0.02308411499455043,0.040384181240998074,0.019542149994404956
393,0.017354103224242134,0.020695982221528325,0.044152527231667404,0.021291236301526212
394,0.015667872915939185,0.015566873021418848,0.02951746634842567,0.014295363498012276
395,0.006473313790255175,0.011907268244572833,0.043165291185387256,0.02076657482138622
396,0.01861489727705612,0.02454407199774966,0.03351806173866834,0.016168985797710783
397,0.01581378608405637,0.01741719350058113,0.045379984187332245,0.021951739705444673
398,0.004665965699127916,0.018882858178943668,0.03932412351969228,0.018935065110786853
399,0.012431851978191855,0.017997629869866666,0.054682352947644675,0.026364338185885183
400,0.00646352528042915,0.023776920056404693,0.017187113581195845,0.008313099810087987
401,0.014277057021948591,0.027526189871850876,0.05316031556459988,0.02552928874680707
402,-0.0011062069949404618,0.009170639300243977,0.056233101085915616,0.02730710189066249
403,0.0034198565024591288,0.02219686795614606,0.021355558399050234,0.010461341022751008
404,0.011454866996138846,0.01796459436455744,0.05828699768692702,0.02784201192110211
405,0.013366545672673813,0.021424632759228235,0.05382487988923734,0.025978555791224184
406,0.01425649128360229,0.019803408632584285,0.05370438799844046,0.025924579546477228
407,-0.004729512210321141,0.01048091275405627,0.028978004377453015,0.014066542510042662
408,0.02618240085937873,0.025211104463924355,0.04441511219482264,0.02169745196727005
409,0.008531430517518257,0.030027586660565042,0.06097915769402573,0.029442743391539516
410,0.009799053580296868,0.009706317548200727,0.05338368638472857,0.025784749251500677
411,0.01469185818536245,0.028452786126083485,0.04103505454563117,0.01988641040166017
412,0.007706835984818028,0.0051280252220720635,0.04284600331498456,0.02066877743801515
413,0.0028002479259080504,0.007306342023326612,0.0424032217550907,0.02044054666724493
414,0.004447081093781224,0.024041161349827422,0.020074571563234445,0.009644180260977658
415,-7.476561725616726e-05,0.0029358003236691355,0.05596652092200938,0.026787866429893226
416,0.010937662880379562,0.016319227969886663,0.032400971040411175,0.015546275765355416
417,0.01950866976064436,0.02038293510172226,0.04235148668811661,0.020475677401557008
418,0.01078204417455142,0.01359095123242976,0.046437290658402186,0.022376231939656155
419,0.016313360154352585,0.01573302396228049,0.04471975897986202,0.021671969041646366
420,0.02108979018352597,0.03419626493904965,0.035847901053616016,0.01723958850041485
421,0.00035945647700819094,0.005244659547915087,0.04400597395537853,0.021164340216023786
422,0.006474335850925272,0.010011732295869213,0.045358701459699,0.02199652766570423
423,0.005831010378653079,0.016990866159003026,0.05407943973935436,0.026167610692028276
424,0.02586327566080937,0.014630921343084607,0.03916699206723473,0.019044782112301428
425,0.0018778253163448388,0.01153950041487245,0.036289126794265325,0.017604509420129505
426,0.0007847528183698715,0.024587347420972183,0.048224654650251275,0.023462328107982183
427,0.03181683974762306,0.029904443784143614,0.030398216658099386,0.014732320091322693
428,0.006832441867913541,0.018661129654368197,0.046633876698497945,0.022634223102404066
429,-0.002629561667427338,0.0042169947968770105,0.03406772472976671,0.01662133475416261
430,0.007381349123772862,0.018419022060304435,0.05321928019839006,0.025652635712313382
431,0.010871531552822833,0.01217604806049602,0.04576414964214914,0.02205487509480744
432,0.024068028233433902,0.030768933993542802,0.04219491741775039,0.02026726484676719
433,0.014196054136578984,0.01327684900278725,0.049035635408772094,0.023576557351273647
434,-0.0014792513316262967,-0.00014726263261338746,0.03247312010621295,0.01577541284066661
435,0.02768428871864781,0.01052546739441304,0.04632453167533901,0.022445961788874397
436,0.013712882243578584,0.014749944064221976,0.04731361823730518,0.022838670552023377
437,0.0076641708898741445,0.011037407033652802,0.04957064232329689,0.02381695674505685
438,-0.005280195297686974,0.01392274034722929,0.050954762166335654,0.024671530751780663
439,0.023546647591719982,0.029871755320489746,0.036654171458867846,0.017865429828906404
440,0.01754542336708209,0.024444419393866906,0.035158679172901275,0.017023342933879942
441,0.023766603629200578,0.0273363874583282,0.040954421101589866,0.019568147171054567
442,0.025226834001313536,0.032508786241591925,0.03993140293598341,0.019107448234329943
443,0.008934430724231723,0.015788467673426898,0.03106798781432163,0.014868242988587327
444,0.0034313045285250254,0.017710570593261088,0.048964170884401526,0.023632546419061123
445,-0.0008089920744950296,0.008282773566285984,0.05239268907149042,0.025379677945350815
446,-0.0016011375014370888,0.022201850885119723,0.034535015911927536,0.01697716512434258
447,0.01826640697798887,0.01145287033979403,0.054707454659667865,0.026319735770294422
448,0.012697147331687919,0.02477195524268022,0.053222183658006794,0.025534205627258
449,0.014319443676111154,0.024473161053390258,0.028801139915403895,0.013952519446689904
450,0.01231961794496117,0.013433858063957749,0.041871925327626736,0.020148145319786065
451,0.007918100826229901,0.011291128441401732,0.05907648338705096,0.028540018956098978
452,0.019869255684932585,0.029517655707616497,0.03877296461528079,0.018774976087682138
453,0.02544147367111327,0.024661247573729755,0.03357540225619593,0.01626422779651024
454,0.0044225384154716885,0.010128033298080819,0.037717330507397895,0.018344629720704525
455,0.015058151556379795,0.02454773091503934,0.04484723832319082,0.021502833523248388
456,0.010342149087989805,0.02880790310840553,0.05728598313100253,0.027740721908120852
457,0.019042571762606375,0.0295676148882118,0.0394047953244987,0.019087475145701194
458,0.023498586832202295,0.043986710346937824,0.05017579441588749,0.02395942857020758
459,0.017105619146380535,0.02001062372670437,0.03585319598814851,0.01729830468579749
460,-0.00021080806317352874,0.0014567783827414416,0.057220074609819815,0.02777441749660195
461,-0.0011704868061637175,0.010824294432593529,0.05641027932586451,0.02741327484298986
462,0.027981492889684767,0.015689537866032277,0.028613150863186054,0.013853245773197714
463,0.012957966832838008,0.03455952060998921,0.05687930947081188,0.02747983326426745
464,0.020187449150002146,0.03209811603616469,0.04785359543691037,0.02321064882917151
465,0.005074640499269201,0.035471461249123176,0.050123435767318036,0.02422493373388271
466,0.02940357617800715,0.024714931759369257,0.0368682929856009,0.017742498589882166
467,0.018155750746697286,0.031318819089150685,0.043145791833343994,0.020811159062174428
468,0.0047069560813641775,0.03427545312978661,0.051085157232043765,0.02495722291926597
469,0.02231637753089566,0.03219620286508129,0.049618044139819184,0.023760321202618367
470,0.001398329626328132,0.01769984197797614,0.041965434798235446,0.02048865692479382
471,0.012156609759629178,0.02099029633140348,0.029360812437146833,0.014135621361805212
472,0.02974563022842136,0.03324559452892731,0.04228465443710927,0.020344808394578417
473,0.009244625490433367,0.011770193508561205,0.0422513343205666,0.02046888228794108
474,-0.00557141152071261,0.01115631803716055,0.043345346595650036,0.020970118211826483
475,0.011661748340950684,0.033516720117864995,0.0579293096588227,0.027871886697799803
476,0.005393167321297909,0.00812569180493608,0.03566506622814769,0.017193792184608953
477,-0.005697243120955431,-0.004517571387701397,0.02092516810652012,0.01013232117641899
478,0.01631935160427822,0.010477589671574195,0.03484139791992957,0.01685222481797541
479,0.007152438467236011,0.01702438971314843,0.043548658056724476,0.02102365523743785
480,0.006982734979899319,0.01952047922695943,0.0466355157935594,0.02255696366048726
481,0.015559929291948937,0.03741758074149343,0.04584067989375362,0.022289104799279008
482,0.004729578149841096,0.00833131263235437,0.04167248849534577,0.020088727957981
483,-0.00828385750962779,0.014179362227352221,0.033650994944196655,0.01642420283230564
484,-0.004032205372365816,-0.004417959416874284,0.035997078863874266,0.017476246413671404
485,-0.008304142379299329,-0.0004059751968015779,0.02759325924652878,0.013486872819755052
486,0.010753847934904859,0.016442309260957078,0.05339699557540012,0.025966741547569144
487,0.03015280602772874,0.0353683710885222,0.03807757612178031,0.018220968195562376
488,0.013153762226417065,0.02832522149665556,0.05334610313663224,0.025836528934482128
489,-0.0004478754687505804,0.02265348942869516,0.05261356850640464,0.025619315209366278
490,0.013792271411637858,0.02804178056097073,0.04986464811323632,0.024002560398101197
491,0.03075853740732426,0.02697622308167022,0.02821489874814931,0.013355512034625483
492,0.010236411280255764,0.01150781199072004,0.04742747188466212,0.022883659408373308
493,0.016966105499439,0.0372110674399648,0.04990099737117781,0.024101248297375033
494,0.011761912611057523,0.022294349428982063,0.04769657444641584,0.022889172883016812
495,0.015997799638007848,0.033905318087998876,0.034655832406584874,0.01675849402937349
496,0.004505028078143791,0.026149711714657936,0.03001535198890093,0.014525158668434623
497,0.022459675859521133,0.03647323994880414,0.059973956761520064,0.028884366011384333
498,0.007510289219140431,0.012690416142639355,0.045660397084174464,0.022049269021649942
499,0.0022430414055590875,0.015889204827662873,0.05488591094271711,0.026366575755968596
500,0.023275658736064186,0.02430461362938302,0.0415053697948079,0.020011226289415457
501,0.011499377313029746,0.01357004825149627,0.044765606240194766,0.02171303541940897
502,0.01372742660933346,0.03276361421863369,0.052463433312291086,0.025346817652621978
503,0.01396475422957777,0.024164876740510655,0.04330845648318016,0.020858936485084467
504,-0.007448940945008475,0.013734836397518213,0.03617407098674297,0.01759025195813127
505,0.014820533157781646,0.022021803548459673,0.04381124498986089,0.021149091682882648
506,0.010053478478883604,0.011482841039915564,0.02277648566375967,0.010928321339496339
507,0.007436519618453374,0.029195803744951454,0.05528307141720268,0.026689327637586635
508,-0.0009287191319525823,0.004893830549541456,0.027932453495359555,0.01340669159167604
509,0.02341634283967764,0.02569400299688865,0.04897963001886074,0.02358281001613674
510,0.021148241294399406,0.03137292768766442,0.04640335691792008,0.022609379845925537
511,0.018025411240829903,0.02821092467701275,0.04193209620367466,0.020207397108446046
512,0.0036308212712397037,0.016530067764475465,0.04608358859281958,0.022313552363709244
513,0.017366369929257774,0.01756725373966983,0.056255581670051846,0.027182308211432166
514,0.01872342010361594,0.024828143466149893,0.04258289677688332,0.02050373535024158
515,0.008550022401110358,0.017986240549797444,0.04900900166925881,0.023580679583871056
516,0.014283258551711087,0.013737180675915617,0.03660561578324317,0.01757331310205809
517,0.00108980433402317,0.01762672635133064,0.03280360628596046,0.01577348925408173
518,0.0015188955520648584,0.00683642754485439,0.05017307509718438,0.024244901699416593
519,-0.0015701193606125763,0.015925115306972604,0.040194179333833624,0.019419567417668954
520,0.01914319912877671,0.011874866155371588,0.03656213129362862,0.017584696133969596
521,0.021418277479886894,0.025603512064782175,0.04677179711669033,0.02249289764475318
522,0.001749399824279796,0.01945562750245014,0.04426764962784813,0.02137215363269898
523,0.010101055823538041,0.018693089227759474,0.06050900665707881,0.02936520315841279
524,0.010279061793313726,0.010864294509017436,0.0325326091079694,0.015766380438871047
525,0.017123695311892395,0.0163884925573638,0.047977659398179884,0.02308000407770211
526,0.018354458985544664,0.02164841887498456,0.04256541935396174,0.020536313845320342
527,0.022780616556900224,0.023672713308493687,0.036913855695523634,0.01776221343230197
528,0.007289175786766688,0.014676336977689247,0.048150931435464894,0.023378191595724185
529,0.014361470121943776,0.02935518493746761,0.04696409643891131,0.022780543425575422
530,0.021329281323768656,0.020449824429283753,0.04857320256234454,0.023502181011202855
531,0.023884546033780096,0.020464279940603625,0.033680156219341284,0.016166056347782565
532,0.004897876855581629,0.022225279118300356,0.05636929290294823,0.027153415012216964
533,0.004204144254292386,0.040494968812281595,0.04977767560442936,0.024149770395511083
534,-0.010942705900001237,0.005378132221750098,0.06233448299091826,0.030017528198720556
535,0.017510960706899836,0.028233353097543684,0.029636625175176623,0.014350351279529272
536,0.01692698096866818,0.023020633826174253,0.04005408009589895,0.019269287903043525
537,0.023003932709595887,0.01917803052357106,0.04320900780178727,0.0208699495639095
538,0.023134006556730924,0.014193728276646722,0.04273255149442634,0.020439680229450696
539,0.004795286790711839,0.019106588739344427,0.034321434442242005,0.016714666022436403
540,0.005303650407376126,0.013789548805821866,0.03409387119004326,0.01646085289763402
541,0.0019446726314948926,0.008161178776901257,0.057289886735761186,0.02756078461133893
542,0.02182574958339112,0.021375736104677523,0.03134969709791169,0.01522404195367208
543,0.019033394654167868,0.0015929788064717731,0.035090798329069584,0.016945162678510373
544,0.018591006388159803,0.013776459100823452,0.05117231803718203,0.02476587254957241
545,0.02031412815392397,0.020487242017703577,0.02558730374783913,0.01227984802074697
546,-0.005376157733000153,0.017708290993336234,0.05528291106895278,0.02679345489267182
547,-0.00014166452522623718,0.0053572572023959375,0.0360346759716762,0.017605064699890177
548,0.02183458020111506,0.014365415772166795,0.05329288183597469,0.02576094103395296
549,-0.0023447144299685307,0.005081963218021929,0.05150408781596738,0.025056824812696332
550,0.017932056724592416,0.014421654111510002,0.025190490918925446,0.01221807253637025
551,0.018925336427107364,0.02667496088150334,0.022601950041858054,0.01095204401728278
552,0.011749594837349164,0.019993293840977144,0.04358205384579983,0.021126518263038296
553,0.015150841060260989,0.021989481663549443,0.04752559054761274,0.023063503615298075
554,0.017881153259381666,0.002667476471418073,0.040188675374365324,0.019279716991886936
555,0.0031207942090820673,0.0069060503990020505,0.05163824122576077,0.02507230221324605
556,0.000547957007970723,0.005347358731444263,0.03005850767685503,0.014624726850365782
557,0.011068964064754327,0.02216751990363114,0.05390933398852393,0.02602577125373412
558,0.016510804495489584,0.012182136953559325,0.048255740932683366,0.02325645276645258
559,0.010499042495042299,0.008915983431826924,0.05481421779880857,0.026434932054948762
560,2.7996511766437138e-05,0.0291566889225022,0.046394383157821184,0.022644169512493734
561,0.019883431485641423,0.03293789114191176,0.05034440620238623,0.024367830375057575
562,-0.0020419877982095214,0.005109370644800659,0.04782606859041927,0.023219702458930847
563,0.013767938932412571,0.016351729156978356,0.04926382588377176,0.02383588524095956
564,0.010575498575498554,0.011364949635205013,0.03436220360369724,0.0167518203076166
565,-0.009437271405748238,0.009062128410404824,0.04028996888876224,0.019657810297410094
566,0.022327489924586774,0.03035989548863713,0.03947957170270877,0.01896203726091175
567,0.02510878142600559,0.020048292992732197,0.048723353973883166,0.023706884213503226
568,0.012942138101491363,0.0023146180535821848,0.036996484912968586,0.01798819434131621
569,0.01630378948113065,0.026794329692048258,0.04404395340936107,0.021421442923890366
570,0.014237980638073133,0.0071754247417247785,0.04143410440117823,0.02014473381573037
571,0.016262133861108197,0.018962084429797688,0.033487826180156,0.01622402534945641
572,0.008091068322036432,0.013974948465470594,0.055078892545049385,0.02656383315323335
573,0.009019244447275643,0.028039494162013345,0.020761087420820057,0.010035958888266944
574,0.015447241636588505,0.029379714431729792,0.052017329094961484,0.025161873775057353
575,0.014325626494688937,0.024145134575844746,0.05098015636792608,0.024514264732638708
576,0.018237347709031293,0.008805569501579152,0.046927118027444314,0.02273280134997291
577,0.014882189395509782,0.017384095445444142,0.0369998173218089,0.017845285612875628
578,0.001127987729503177,-0.0002160260431620098,0.04749449261067096,0.02280718837340437
579,0.02587282649785394,0.003419365102675209,0.026149399441041,0.012750972253173343
580,0.004998456790123562,0.00711588125325624,0.04034982486455596,0.019425425280364145
581,0.01035490352771773,0.02015833401448419,0.05109833019657051,0.02471306332203893
582,0.018455941504267437,0.02453350407561783,0.03905390209920512,0.018810130381523044
583,0.005940694655873324,0.017127462540772714,0.05187562458043693,0.025004473716723347
584,0.003390571981556234,0.0020697975124847057,0.03181705098313614,0.015410215341276873
585,0.004086241289035231,0.000977461557442466,0.042871461077440776,0.02082028014518028
586,0.012033393097744316,0.024981444626439864,0.024035554978560913,0.011652996600951315
587,0.0018733785132213354,0.011117203419083899,0.060759697168181526,0.029465307840850802
588,0.012878597200540964,0.01574976056850197,0.03250169827101468,0.015745454217590382
589,0.020286945296852044,0.0007494374225038014,0.019878521185737075,0.009767717174972407
590,0.015427437722088655,0.024717568546258673,0.05728321853009133,0.02756022365113872
591,0.00907753650143206,0.019424644541035596,0.05132354229982439,0.024841146415006204
592,0.03490603406200565,0.031115393555286253,0.01342858201038366,0.006561948336857248
593,0.011914785898146985,0.018971488709310452,0.039342777334431145,0.019103794978206773
594,-0.0018487831284449419,0.000273474299922416,0.050323994870948296,0.024646473389463686
595,0.029171598282695554,0.024709063425420175,0.03728691325435485,0.017916737448333997
596,0.018174694949176784,0.038258944380052895,0.03404496553323455,0.01634855555241782
597,0.011632440953365242,0.009309665657780325,0.055212584934095754,0.026460398989204742
598,0.006979583962274605,0.01373930206657481,0.03611330278796143,0.0173663685769867
599,0.02272770842467009,0.010975836265716715,0.03666814797901363,0.017563522035438067
600,0.02505093812593262,0.033707850708849796,0.027545047707533743,0.013302422547907422
601,0.005112976790158763,0.02114169250659001,0.03019405878514081,0.01451419159882883
602,0.009788536557315708,0.02359182788922959,0.03371830021946365,0.016303311832792405
603,-0.006076945448604265,0.0025848408899260544,0.0528999803220066,0.025763593934400753
604,0.015704841115237733,0.013923964722360016,0.03383755757022844,0.016353309647180042
605,0.007446268021150559,0.0203459703096896,0.05498714863990628,0.02648188431387255
606,-0.0014631526538578798,0.012669005378382558,0.043012855230894376,0.020817853892186516
607,0.020667044004767376,0.02488817279848876,0.048815592776183525,0.02364005612015463
608,0.01751059496335361,0.011607108394923904,0.04354143020042067,0.020939795227416708
609,0.01494268389838005,0.02781205744676485,0.03760685922429319,0.018059446666466084
610,0.011583328031910867,0.01179492251587777,0.05051283190921707,0.0244224434427201
611,0.02417263206433673,0.043987089334726115,0.035365793980370985,0.01700095209655647
612,0.013707840922594583,0.018800362110485858,0.03810716558620697,0.01838064739204534
613,0.009734377636456792,0.016368667685042193,0.04707565890561338,0.02249660165326761
614,0.0170976778275288,0.025354037909665783,0.03457571300941653,0.01659971205875846
615,-0.004350943685285991,0.009277412756795611,0.04799929503332789,0.023224617955288712
616,0.01771167195158707,0.029623291336489527,0.04400479336899199,0.021250581529738133
617,0.014764556623669378,0.014334321735475969,0.044638075586621806,0.021676553608455468
618,0.003465566328275216,0.023997221341231778,0.03454384974525426,0.01685217581526835
619,0.017094545359139124,0.024132417924607186,0.041021598958366434,0.019582165928775708
620,-0.001151882953135952,0.0009657246817721399,0.05159237550996121,0.024675982529673623
621,0.0074499778899347335,0.012251011285108776,0.057545668742348566,0.02773856234034469
622,0.007000089070558602,0.022951487833977657,0.049275685322472396,0.023794791951691374
623,0.0056795183616416,0.028111975738897954,0.04014579774614091,0.01947999476614165
624,0.025698718339116966,0.018107964849693542,0.03678000390679126,0.017597508586080085
625,0.02161845255627126,0.03328658215207292,0.055261830050999494,0.026590974016886232
626,0.008771551804899191,0.015102494105032116,0.04787750899033205,0.02308365330883541
627,0.012016568121187565,0.02724737318428677,0.022020017946642323,0.010649625762774423
628,0.02659355368030203,0.01645105555793669,0.03493803260975592,0.016821121114401733
629,-0.009421686769055748,-0.00038649389153344593,0.034042382322421516,0.016473060789575444
630,0.022533351681654046,0.007284782938156764,0.046569658590318364,0.022533856312652645
631,0.010436720618416495,0.017051328122784815,0.03584240477600653,0.01741758261530077
632,0.004256945086082098,0.02247574375209202,0.04576987151681022,0.022116577401967985
633,0.015793903642005502,0.010520227273306648,0.05780539337738311,0.028093823303853377
634,0.009211958773503115,0.00439080234677236,0.03969817728362146,0.019246730346571456
635,0.009097323194677487,0.01331263703493174,0.046226105068027046,0.02234864234913697
636,0.006503039712406733,0.01478116640715088,0.04990917351738433,0.024142266813421354
637,0.019308253439514367,0.01224814208064498,0.03343651589569974,0.016021440314656576
638,-0.0004060143672420802,0.02487182990233411,0.056234516940712576,0.027361402153193604
639,-0.0035337556358417954,-0.003598582199855316,0.04592282236284051,0.022302585881960102
640,0.008618643624617284,-0.0007569165850973558,0.03087764013702099,0.014821152925407394
641,0.011265440202582355,0.012492113606435429,0.0462932231032982,0.02254949511511023
642,-0.0022290152743846825,0.01854181214171266,0.0398094813413441,0.01941028812601317
643,0.010753791526220247,0.014189870720182352,0.0335873923176927,0.016147694644890992
644,0.020293528408520833,0.011113463888929836,0.050152153225843765,0.024262494605413992
645,0.004864327342973929,0.026938255982800585,0.04780009215204983,0.02315036420269284
646,0.02063077942261904,0.028548910003109357,0.041310177036137485,0.019853418444564314
647,0.008069352582877332,0.008915291582272583,0.04502615615510175,0.021629352858346662
648,0.01815178742010548,0.025251235474393563,0.021591452310264825,0.010547565351837845
649,0.016494880539472345,0.016241011579045173,0.03975326364518783,0.019312611471596186
650,0.004162827055500862,0.007912794401250589,0.04832658995766126,0.02331082996562106
651,0.006649084676765282,0.014622685370649618,0.049359848538753304,0.023761086216879224
652,0.01282431857654287,0.0057843284255480465,0.05141302488951971,0.02498247730269379
653,0.009112894741788113,0.01164680315712563,0.03669314618500441,0.017728815616099236
654,0.023065115181319706,0.029947297789749028,0.03608983521340192,0.017355187360223512
655,0.019988097646631897,0.03014339542101968,0.052211582497072584,0.02523875030643591
656,0.020357494363190565,0.035403482264618674,0.05168108764720192,0.025231732669937
657,0.006123345666243396,0.0011715191138040593,0.030526692022738056,0.014846264917318719
658,0.02906814160582405,0.03880887629175728,0.05057752325176368,0.024190680884234428
659,0.016163826753755606,0.013368832559465083,0.0367251425013041,0.017640463970377995
660,0.0041152031555327095,0.01811853535564903,0.03703042479301688,0.017993755346299906
661,0.005483512461343598,0.027789849264034883,0.0294167455984502,0.014221759160902958
662,-0.007419698217437376,0.0027879291938896766,0.03945321794462242,0.019202153444344033
663,0.012511726379153876,0.03765119664701,0.04245455478198579,0.020622180719218147
664,-0.005726728361458822,0.0046188026088943845,0.037723399174812156,0.018464668152187336
665,-0.0036982826055785845,-0.0017242780045792772,0.01782427624500571,0.008729071374814878
666,0.025700145906455085,0.030460014940379393,0.03432606952157502,0.016546683783741994
667,0.02041618040303994,0.022761147378531826,0.04844385608484225,0.023369929728174227
668,0.01591394939591606,0.02416664463430382,0.038557342290469476,0.01868773123022044
669,0.01029827833701391,0.040437403215475204,0.03039422288338789,0.014622319631078351
670,0.008354768904131893,0.007385186603792726,0.03337227807658116,0.016261715822568107
671,0.02059997697709226,0.030330241673146796,0.03159348030797793,0.015040841065224186
672,-0.0025580106516694956,0.01137916479292711,0.0441245767806111,0.021535883223387453
673,0.01285199212103394,0.009945803155248178,0.05151760650663162,0.024781126829490296
674,0.005818294021843418,0.0075724407836380014,0.05267856154287953,0.025472241358038827
675,0.010237985167538932,0.021166499751035198,0.03421071115946528,0.016594737118816982
676,0.011004068059001115,0.01400885589456724,0.036782027054195865,0.017882961189696872
677,0.009983052593192876,0.00443978392376887,0.025248164966112374,0.012094428753770842
678,0.010373066235924266,0.024993468715639844,0.05764853854955121,0.027665540838468283
679,0.014317194449720683,0.01938300884281574,0.034388827627149676,0.016457750128344634
680,-0.001819226320915468,-0.007079282756661254,0.038638673417164426,0.018759429454034082
681,0.014504834777709141,0.024738426412476394,0.04168720062041542,0.02016347652986919
682,0.017219229797182045,0.02345827801556072,0.05306704616841007,0.025740564790354747
683,0.01590420186214181,0.0413851647563481,0.04994413243478801,0.024057533399486603
684,-0.004378106631012568,0.002716084752466763,0.04110405258077543,0.020161306738456702
685,0.005331787369232344,0.013599211286787372,0.04787743042525916,0.023220662595303893
686,0.017428332148822112,0.024563505331252955,0.05286146562181626,0.025469643207708587
687,0.01318949676829484,0.013162077547152595,0.03753456404468847,0.018311002021455414
688,0.008655502740064436,0.013405650941849034,0.032833614368259045,0.015935011616670963
689,0.0026279757192789743,0.006272984298404283,0.05721313927247107,0.027654740763220692
690,0.022639203587220713,0.027142059172005073,0.05299921195121604,0.02557918515832794
691,0.004170068272292493,-0.002995061843011293,0.03638972495512871,0.0177699155090221
692,0.005806794614504063,-0.00434521481970751,0.023547390143194957,0.011484628930732849
693,0.0013916226435163326,0.004307182811056354,0.037202767220046784,0.018172785890315846
694,0.022003084369560222,0.04114084915992908,0.04086373554603173,0.01991861804131273
695,-0.002769447720430751,0.006250636187023206,0.033062808876737626,0.016024746275462465
696,0.024585000197262064,0.030847397703569368,0.03077845502484533,0.014639066152970726
697,0.007075677613905151,0.029214035446449765,0.048284164053814305,0.023250022870955706
698,0.015665184563795287,0.014790201751315513,0.03801361544449089,0.01842790567032751
699,0.00046232773994392407,0.021154060200933328,0.029901230614473584,0.014548510769095968
700,0.014888052014039421,0.023642113989353786,0.04149870929433075,0.020017545306276807
701,0.018622180704607194,0.021816076842779142,0.05695941278789285,0.027448242601552236
702,0.019149094570867997,0.03039195991587873,0.04833616562945142,0.023239087099783756
703,0.01127926758091824,0.030788202444267193,0.046371876992794436,0.02261630652305563
704,0.013565638465325325,0.012597711226720834,0.03224169499319385,0.015564256162014733
705,0.008831143462904256,0.01663049682941642,0.050194499811109905,0.024225131616134238
706,-0.0003927481705630065,0.007297984590906054,0.04554539687213066,0.021929251058040916
707,0.018439198589515038,0.01714051305234854,0.034991684010933666,0.016989665898667294
708,0.0154475767516985,0.014103933022105886,0.031184055976146596,0.015310571664986006
709,0.019071255240701412,0.024879691741830717,0.03488387199405285,0.016752840352990434
710,0.015755178531406067,0.010204849915729619,0.039705925776535644,0.019341839479143252
711,0.0029488443711522816,0.008190068927852234,0.046244821255062796,0.022319840212200792
712,0.022257682129478984,0.014010092133217134,0.029510502520251336,0.014313394715616101
713,0.016600062330346277,0.016325612174108273,0.044312404630870605,0.021356280433031977
714,0.0066904046599985945,0.016631492741814746,0.041023484898652485,0.019738035768962103
715,0.019349869247150542,0.03065473692265358,0.03261790738007431,0.015652105229621738
716,0.018207846079166812,0.028247685438713865,0.046239338018098985,0.0223231766576773
717,0.022258966745960063,0.03004093567280086,0.028251597596836597,0.01372493120293844
718,0.010147042040462795,0.026074090133846872,0.03572045461423767,0.017139307014931077
719,0.016168500525165497,0.024782373497361343,0.051785480238098924,0.02482879634018792
720,0.01056566284443583,0.009086977984656713,0.04596556968992116,0.022064973860215498
721,0.008785824960400923,0.013181406229042902,0.06162126862136741,0.029797971967161163
722,0.010211064747332688,0.019150555419098853,0.04377690797330325,0.021077332286615486
723,0.025910606892617927,0.017722397325774436,0.037858755573504266,0.018367736843517085
724,0.008627023920501742,0.007013116039433609,0.06362792790623573,0.03077257163660449
725,0.007932188945702356,0.02193599698714238,0.032955125711188527,0.015906550232265254
726,0.018952386714078617,0.03944042945295409,0.03969561525098941,0.01935010102615345
727,0.01751715626463357,0.028976936182789126,0.046338970441493155,0.022351056115417572
728,0.010362132651874911,0.023622746561643593,0.030380732725092563,0.014599901054979492
729,0.005513251911118178,-3.293947067917191e-05,0.037563177217889154,0.01823631116942062
730,0.011241270029321182,0.035928660873733254,0.05392612629837934,0.025827085930123783
731,0.020662538661949337,0.023428019102144815,0.03403761553729012,0.01647724822776811
732,0.011994523478481622,0.027481132719211154,0.055830416488897305,0.027056091366140456
733,-0.0003785776954587927,0.025674009053301305,0.03836344666310321,0.018757927546880437
734,0.01322181546849932,0.022251978870014538,0.06199187288444441,0.0297181609749074
735,-0.00263486103378352,0.0001168262308730017,0.05042793823786229,0.024362356245530514
736,0.001256989343560666,0.014615166715435751,0.04348441649734658,0.020996560661892177
737,-0.00022044640396812198,0.008961680324239163,0.04046177699163733,0.01965376713129241
738,0.005710114121000531,0.06131534144189221,0.04610592462309515,0.02246538555087052
739,0.020693050125498713,0.014904734877422304,0.0419215547537477,0.020059207344382657
740,0.01032156492821501,0.018294578030530473,0.049043622411831356,0.02359645669734231
741,0.007592921931158125,0.012515842160827018,0.050755258286243055,0.024581682284295914
742,0.008370015526736663,0.008013913734772588,0.051301334996672665,0.024942169312238388
743,0.01634440844914009,0.034451858357307824,0.05452008881139492,0.02645808522759907
744,0.010608047059182057,0.00624308136404525,0.038729410401571185,0.01862436352557953
745,0.027212620953672606,0.03884185618730232,0.03138077465056044,0.015090438613319296
746,0.002098767917538935,0.00810544617826836,0.04434853232356839,0.02154469938610698
747,0.013713270262039057,0.010153817193425618,0.029300240653502008,0.014241589886701544
748,0.02177990982489253,0.0318194446178407,0.04725925252591767,0.022597257049370684
749,0.029978226876852365,0.04496522584594059,0.030592566529255016,0.01457530640392582
750,0.02684410019754646,0.021806407174467496,0.02640330501091237,0.01285304470670895
751,0.013197855650375678,-0.00431456271246497,0.0435526797855742,0.02109447763550637
752,0.005954626063453539,0.019127444632115548,0.05351739342970663,0.025537701298598475
753,0.020317420195632208,0.02189273321194668,0.03747281818613368,0.01813240024101112
754,-0.00021068242347443977,0.017976322196047917,0.0371069242530373,0.017771858252183304
755,0.014072849105256857,0.01519895164867971,0.03140200681683025,0.015123961686235726
756,0.02048253650013465,0.020295900549135992,0.04764204328746613,0.02324966007039761
757,0.010338488995806694,0.0161116860882074,0.047850998344677986,0.0230887039836406
758,0.0018217671098910149,0.015084503505402247,0.01909962850311564,0.009261325579520058
759,0.01749227101724582,0.011517426862641456,0.036272509370362194,0.017633884559156487
760,0.012253445716449374,0.0257585454346885,0.048167266861031455,0.0230976997976379
761,0.027903067324592024,0.03250545441106223,0.02698504200174956,0.012986910306373917
762,0.006186778494897016,0.02821977844593762,0.04199352425361347,0.020415741988709685
763,0.017684988914030253,0.018480043362751053,0.044110870317747186,0.021102301704282622
764,0.015334538717182378,0.014335939623151217,0.05260206246581689,0.025374796937592453
765,0.007764518423481581,0.01973198161488446,0.049451377970544774,0.024007909799983213
766,0.028263805665727504,0.032750244601689266,0.033456317885300346,0.016053274261534994
767,0.015297591892255546,0.024693042116538777,0.03540427204453822,0.017110424097152438
768,0.013955180024449176,0.023607946911171573,0.03623991043983732,0.017405728458004366
769,0.01094578394451573,0.014036385627055725,0.041253792213265195,0.01991441707952732
770,0.0012353523833221747,0.006852430151167849,0.051485996970004666,0.025160602770798235
771,0.002061032204966229,0.018680088546381812,0.050408564726340366,0.024348258587078175
772,0.028752435276508725,0.03875280734858025,0.03538698436052534,0.017009507812180608
773,0.01499298113505343,0.016348047044251413,0.04015863753137228,0.019536201945026865
774,0.013023886123626705,0.023023489953011428,0.03598193962281693,0.017370992568711552
775,0.02042440792940803,0.04073473581175263,0.03655963138011398,0.017518652317172922
776,0.01521712635317174,0.013675009544870859,0.04900544693597453,0.023588893881376555
777,0.013917337016045916,0.01656997994266482,0.035420779448807616,0.017117379940015554
778,-0.0005967621016089719,-0.004897350998474048,0.034136661728159656,0.016571477759995484
779,0.02427800640146316,0.025870754478916236,0.02907268730120738,0.014044749456327221
780,0.017933458301733984,0.0012508768397621328,0.05229983329874188,0.025253165588005166
781,0.0043519648911967135,0.02222819132516482,0.03535944283109338,0.01680290903041526
782,0.0172406978246451,0.01578897562463391,0.04165608665203291,0.020025049969005587
783,0.012609364176481508,0.0026107438110631875,0.02827237084163825,0.013544177752975006
784,0.02404775189953634,0.030466479269111224,0.025347356783670394,0.012173061416385939
785,0.022852108778405822,0.011625311450305764,0.034857938771430175,0.016877378161375384
786,0.010340211935303878,0.012268582214671586,0.03459364342105209,0.016886580622028996
787,0.010651094632086688,0.012859060721475746,0.03269828106583483,0.015930716291482516
788,0.01632116207846035,0.014759129840325819,0.04726076998821471,0.02255167614461473
789,0.0012208069177225278,0.012516438707376232,0.045231246460266106,0.021817710162677112
790,0.008801478491769266,0.0230489677409213,0.05459410748724958,0.02616887130564896
791,0.012975024290166615,0.02869885037013467,0.04318199458193217,0.020870612335715494
792,0.0037056444551464285,0.014777174770407242,0.044963110442599374,0.02183659415132802
793,0.01202758395716752,0.017842489473267997,0.036051881153079224,0.017518173486563926
794,0.013126762836451977,0.009044873728731362,0.03210158218755821,0.015656700970245824
795,0.002052506841202506,0.03001994662112581,0.05462215589965891,0.02652054217062752
796,0.005669345458507058,-0.002508577059722794,0.040265050104283495,0.019434202807091044
797,0.0015544838394659921,0.004674475189377636,0.04249272696203921,0.020642005153759357
798,0.009819958076420332,0.019607194089082458,0.03669621289560199,0.01762628846356787
799,0.00982124106210247,0.009809346536780977,0.04531673117153878,0.021825764374090534
800,0.02849841919127971,0.0374912719563994,0.02558973545055887,0.012491227101603358
801,0.01129891914489467,0.0015232947253066564,0.025367022730086064,0.012374655732830836
802,-0.0071133227663703336,0.020894745921977875,0.03924679244716989,0.01911147582919631
803,0.010950133230313241,0.020085717127152625,0.03717377206674444,0.01797746458894109
804,0.0017714678542674056,0.0195064790618453,0.02958509646972196,0.01445154313020608
805,0.03325238306728673,0.02148043082482423,0.018292490546277906,0.008555299408815414
806,0.018941625607594714,0.031005113910891224,0.05813789590440044,0.028106924489424256
807,0.014692987512410438,0.006619543731086697,0.04709707430774668,0.022646749834978774
808,-0.0029779023561743445,0.0046076548152612085,0.04401702104940908,0.02132046433284568
809,0.013222911375055046,0.01135493568059498,0.04947424789877686,0.023655490741344792
810,0.005691978352264315,0.008198900386894137,0.050469307399537255,0.02462890586057495
811,0.010828259480884728,0.01248120485786175,0.048679680882714904,0.02336740381845026
812,-0.0009198848327416353,0.021082028427134136,0.033341954746644364,0.0162259932744534
813,0.009724732334883246,0.051095637568838864,0.056326521066723534,0.027377195837885393
814,-0.007785726669299664,0.005833462664099176,0.054705912495893405,0.026428627571654706
815,0.012617918087405533,0.009671443875252483,0.05174535055896956,0.024924555511432078
816,0.005401130794296272,0.01270658075967683,0.021216621399778313,0.010345326638212388
817,0.020854515429632237,0.028841781755786222,0.04094965660001104,0.019831306199541487
818,0.01618736495669848,0.02220547068080947,0.04810548977272233,0.023208792335636802
819,0.01870735153831571,0.029196989107635657,0.03593088649188014,0.01733756208422832
820,0.009456618786956028,0.012761488702667523,0.053777983988815836,0.025927461971970905
821,0.01334361206132062,0.029678759947139866,0.03694001020296722,0.017862214426676237
822,0.024448793411004144,0.034042745222895354,0.0449339328631706,0.021689298368547105
823,0.022551132599655244,0.02834311555944502,0.04734325836258435,0.02278580523916593
824,0.013325831987004877,0.02825324537370022,0.0339537824789502,0.01653303282624749
825,0.005369148268465018,0.010809427135175048,0.05531388828471617,0.026803672871608786
826,0.017540478250101965,0.03973723949271718,0.03648886217906211,0.01758749106431426
827,0.019237400973444174,0.034220254250635684,0.04256365238132653,0.02057548206544771
828,0.016436162118820263,0.013147755811975304,0.03904881946029959,0.018938954359879856
829,0.01261117150702351,0.01685305170203555,0.06039080500839333,0.02936386508258032
830,0.006584359654092209,0.012122056156082889,0.0388421745516051,0.018774471143512134
831,0.024377532252469192,0.03997098980302374,0.04785185533467251,0.022907140283815963
832,0.010511423409654275,0.03516979231256823,0.048535065401778765,0.023535578161427206
833,0.005438284411054317,0.025072660654300638,0.038094297494670304,0.01843080041820319
834,0.006735727972464023,0.031174247290702395,0.038079293320922636,0.01847283099345645
835,0.011132864113340024,0.009000009948804066,0.0510397324963745,0.024585917298325266
836,0.014727360481914475,0.027341712959256165,0.043662655979668674,0.02100158365033844
837,0.007999750842020426,0.002475491641977856,0.03582095395274465,0.01748895363953132
838,0.00910911705399009,0.00582519627992617,0.041105884566913,0.02005107493717584
839,0.02003685096684471,0.01757204111594418,0.05745718434990943,0.027791612199420085
840,0.013801369084925241,0.02910184964680751,0.0492849966160942,0.023673915456477873
841,0.005302799847808792,0.03890202126466788,0.039065768339748064,0.01880021831176451
842,0.02644237232742408,0.024645970955828322,0.03629212697921047,0.017345329419244104
843,0.00671116135690164,0.014335548755334993,0.059014209146818986,0.02867976341796888
844,0.0027885890525114476,0.024342871578961756,0.04220802273099433,0.020502306159945305
845,0.004021879925338756,0.024302909490617003,0.023788108350591974,0.011529309195380283
846,-0.0021242787822799425,0.013674295756236493,0.019926400054610438,0.00976782759727568
847,0.010556716897082152,0.01159234777583723,0.03712914434817671,0.017954755090399704
848,0.017466291783695076,0.015838407154397993,0.018228421616757196,0.008843995860224801
849,0.013148164630455761,0.008210838607439624,0.04204438111652986,0.020029418225124412
850,0.015145688484446973,0.019255986414032422,0.04058009590619338,0.01966041943892141
851,0.01676493651313382,0.025252419721941838,0.05498156282953137,0.02645341970502893
852,0.016263906227899083,0.01901482909807395,0.04619484095985171,0.02229291428613231
853,0.00447560318286877,0.016583569894794092,0.0547525705544859,0.026270020897706525
854,-0.008500139240642746,-0.0005532057060669837,0.03520326253526529,0.017211046103677713
855,0.003274517586181691,0.01273137686686543,0.054458287939141425,0.02634470548422327
856,0.01989032941129465,0.0334751824738736,0.02856267336126328,0.013765115531956224
857,0.031191545998930037,0.0353274373758683,0.04444875199496978,0.021558697932078735
858,0.016615278639476316,0.02515332558719585,0.05021807873614692,0.024106919415205902
859,0.0117096668059673,0.02022987649587099,0.04363322579891782,0.02113421725585296
860,0.0015140019501934665,0.009377275846068595,0.03756319312789791,0.01839360791802483
861,0.01703001498643819,0.02355945481355995,0.015805838201006006,0.007790914928747561
862,0.020367562875523992,0.027186384082122456,0.04676465810685626,0.022526581507483073
863,0.01899413168961739,0.030024926248158668,0.053901727936485844,0.02588804795859137
864,-0.002966138878855329,0.015852549782670394,0.037737687120944274,0.01849740825603316
865,0.01819691510920962,0.018991639079794287,0.04590677606881144,0.02225526907956793
866,0.017221976496620495,0.030418485351748126,0.06504800108194797,0.031283158940405786
867,0.007531915843182357,0.021885379383397463,0.03488001232843729,0.01673874170000611
868,0.020139954666586468,0.016736798471690184,0.029792256376750093,0.014388644835355957
869,0.013342383529733826,0.017868563357484712,0.044992818340453655,0.021592200029091818
870,-0.00217929482587631,0.010079051794351507,0.033340400055242414,0.016281832072030072
871,0.01346135676486715,-0.0056430310849450716,0.0361680721030232,0.017689165471486745
872,0.01344613760268698,0.01643953133740672,0.03772550138631847,0.018109152035134163
873,-0.0040070798764694215,0.015224222567315954,0.046436577948855695,0.02229060980509498
874,0.0011319905320619217,0.0153866230181052,0.03970528247748928,0.019229449703396517
875,0.016028626137422508,0.02452885220621115,0.031381457159920245,0.01534104914824519
876,0.013898476005068772,0.00558826028432402,0.04079608570933013,0.019822969378022554
877,0.01853439140679114,0.02159614830334783,0.014067952848334841,0.006861439344831272
878,0.01705836224287327,0.017081057407035527,0.0463876514427074,0.022253759017371227
879,0.01252619413021383,0.006997974968812437,0.04415547003136977,0.021390176234201447
880,-0.006675038152895607,0.020693755617691045,0.04605541956622128,0.02209606389868224
881,0.009247699904648021,0.012964358270196763,0.01724522913823201,0.008045576122452103
882,0.009637445540481626,0.027847581641891578,0.057720996267846214,0.027954664339534557
883,0.01528710360226282,0.030040309825028616,0.025592748743645255,0.012359566104897829
884,0.01362724726477349,0.02517668002006032,0.05929112178883411,0.02864066073640853
885,0.001959297400866644,0.009776907324391043,0.025550807179581136,0.012325919967415222
886,-0.005890471980413592,-0.000410772328694492,0.014560931849038838,0.007021275254824766
887,0.011859540840708838,0.009517799573232982,0.04586497047707694,0.022214147171043058
888,0.012876516475017086,0.020047881995709282,0.04874639951539972,0.02357824095861885
889,0.0035487512426432,0.023162514292973113,0.045109755748451774,0.021620679145150146
890,0.017820817063505467,0.01755310958167372,0.0414056001445835,0.01980506064918444
891,0.014325120890270826,0.018584175010057546,0.05160125708494112,0.024972718001884914
892,0.006260729156393641,0.027364058798808683,0.05678035934434278,0.027178041334164182
893,0.001822814619393931,0.015434718763491895,0.05611885296572061,0.02721087937452224
894,0.01717319894809599,0.006022336858809013,0.04412891248006379,0.021244819695031003
895,0.018306320011781452,0.007778699236913517,0.02892365645474848,0.013925899026756366
896,0.014773491133091454,0.02782426896225551,0.04410185397664956,0.021587967273492215
897,0.024750576400170088,0.03228133570679065,0.05242949470563352,0.025057582590267607
898,0.018627628636485594,0.02615622594772732,0.04427025125153161,0.02116069605108778
899,0.008363788350148393,0.010311686515436513,0.022487151682473283,0.010859137813131442
900,-0.004676625273922652,-0.009262527141447013,0.03469060872854357,0.016847822749836705
901,-0.003671503045455715,0.02171372945440958,0.05049739946981635,0.024435542225180323
902,0.019192816305954596,0.02897221326916455,0.04717262722304616,0.022689346490978424
903,0.01912908470105501,0.026919292566892683,0.05049542685306019,0.024427026724774453
904,0.011842172658097727,0.004672844392315995,0.01914159375713753,0.009177026220544698
905,-0.0005784549631480118,0.008016944349596655,0.04510870839898895,0.021685019009156897
906,0.008369050936625655,-0.0042035811690423475,0.036930453499018134,0.017799939530459774
907,0.01170723330789003,0.013023021267096174,0.04202861379656342,0.020255730506949066
908,0.020641193171409222,0.011035149944061462,0.03387408580355744,0.01618210889785343
909,0.004340673206490564,0.012594167035263615,0.05853710120898026,0.028412734237728415
910,-0.0005614678924096284,0.01791057574713023,0.043590834553810964,0.02106832940046177
911,0.013954282589906386,0.006410151789341817,0.056193864182210285,0.02714696503520128
912,0.001700336191494567,0.0036605222611957866,0.04785469535006459,0.023202784846098334
913,0.0067967835062283655,0.021809094606045853,0.05061539349115396,0.024346882754013255
914,-0.00292957328665,0.016990532863129126,0.037470109637391835,0.01814485106028843
915,0.008357405597503198,0.010776643188006307,0.05381637130605532,0.025855968821627495
916,0.025405093714349958,0.025927227836055722,0.036277577299763,0.017577207122873167
917,0.01930463038741137,0.02963870722077977,0.03971515153163807,0.019199906035059444
918,0.014176611265815264,0.017260188068617593,0.04263062920963334,0.020838696649744498
919,0.014160648377038232,0.014192670700387877,0.052589873866445314,0.02551677884317774
920,0.008124910245912331,0.02284157854380045,0.03217097143561487,0.015596606375478134
921,0.017735053161784364,0.020793053479706947,0.028953100557405742,0.014087202685023281
922,0.012668283246515366,0.017269533878194077,0.04384433778095953,0.021010938885283548
923,0.02123757043331309,0.017000687813588877,0.03611021607513165,0.017336468278582318
924,-0.0043231859280633556,-0.00151642247387887,0.04394972452946144,0.02138896344206087
925,0.001130474369651635,0.012857220023447302,0.05253288948053647,0.025447467732476442
926,0.0180597814342075,0.02729716036538679,0.0330778627608338,0.015971889656165666
927,0.016606767145561974,0.03279967938288175,0.04062344200734069,0.019614418848532877
928,0.009487952862241134,0.02670769522598221,0.051026210046687615,0.024584982374674574
929,0.01952801306705554,0.023149869366818066,0.055117942959992505,0.02660544706909093
930,0.025774010345124165,0.032618019871664794,0.04438877844990663,0.021393384021706457
931,-0.009411466687205494,0.006192962712486844,0.045030084108118595,0.0218326633771993
932,-0.008348046548644628,0.008884200157197958,0.040227102998611874,0.019666046985739594
933,0.005943307965174061,0.024779298320158905,0.05962972388554566,0.028951829322722278
934,0.003542494931111917,0.018962712840498497,0.025848381338910542,0.012742358968516332
935,-0.011017099744679681,0.01021343056095575,0.04457121984412693,0.021983397600821686
936,0.006414106007957443,0.010776175018729517,0.0469206521978085,0.02272865394511081
937,0.009241423090447842,0.0033233498356519398,0.024916522909096073,0.012151293165188176
938,0.0009809871613311039,0.016729784019100802,0.06275898802951796,0.030411485433491786
939,-0.004024993599619386,0.0013409338567599571,0.03012945001015299,0.014553206738040309
940,0.01974180945827264,0.025943117545687927,0.04198386838745072,0.02042354747859465
941,0.010782611585929303,0.005838174850574557,0.047963083971915954,0.023006296892348843
942,0.022262173913043526,0.02819773596173597,0.0277609873293434,0.013275748491468148
943,0.00797175433768238,0.022119309970604212,0.04466319315449596,0.02136435696001099
944,0.005434975881411175,0.021775510648401414,0.05642526169568485,0.02712757928899276
945,0.012431011379132051,0.030012899652084313,0.03527650792379744,0.017025054999411288
946,0.004503764941691912,0.019478828402239856,0.04889936489583013,0.023879683601222418
947,0.009114739302357844,0.022471733964111507,0.040279538026852246,0.019447019445636843
948,0.010926804644119215,0.016645460822964808,0.055926528078354076,0.026881555173835114
949,0.01063300308937909,0.02131102411896091,0.04870580137581548,0.023612738335888145
950,0.009931985679212163,0.024774216346600153,0.06433676556512713,0.030990540845018566
951,0.016878312455297806,0.0039807932942453605,0.045560858822071726,0.021989683461264065
952,0.0012284043403543166,0.0027898542716629504,0.06053311209322809,0.02914247701329306
953,0.011990810619875392,0.010921437466714062,0.024582329325326557,0.01187579415615625
954,0.00976927215260548,0.004909435400238804,0.04362272496847752,0.021036157546960532
955,0.030130327069070484,0.03302702672651081,0.025138352737823944,0.011867240903220666
956,0.009521987984231428,0.016495409285170015,0.06455957912467647,0.03103541609985655
957,0.0050792859731674245,0.0186605208042257,0.04556419993463989,0.021993328214761132
958,0.014914246859863534,0.021186310427037003,0.04765421846157969,0.02295343798542593
959,-0.007217573367842012,-0.009202819480267549,0.025305653531199734,0.012061982576747982
960,0.014055869797491072,0.02475694098845216,0.04380429560502386,0.02116420141042974
961,0.01481215921452006,0.02312063614329246,0.042782798883999495,0.020611354950986677
962,0.009405023745777008,0.00935563414101695,0.049822783576137786,0.02382665882322088
963,0.021955952107523324,0.024447547915675494,0.033573291519363835,0.016231375139611287
964,0.034434398213419204,0.03709491495602363,0.017415511961432872,0.008352357330351945
965,0.030555045948796544,0.02536445089995032,0.032117124890470805,0.015249368105220928
966,0.015315952956207912,0.017899542114989342,0.06199416184104545,0.029700291354446406
967,-0.00423849386721975,-0.001818971979180739,0.052757973749630205,0.02566675892349457
968,0.0077851954710532745,0.025762492582859148,0.06861862751248127,0.033010011940077855
969,0.017153231663035617,0.008717894532621423,0.04870779966720373,0.023549075890601068
970,0.018175560324906637,0.028366338343618014,0.03376972755389285,0.016390681047191324
971,0.019267016759274558,0.01919331878242936,0.03703383412083339,0.01806231817901799
972,0.015253519840675911,0.02584177749607558,0.04554753971807779,0.02206645391162468
973,0.01694399849796646,0.019415863361367025,0.051479019600137566,0.024900406968278443
974,0.009580356961149339,0.021026618161873234,0.036667448894752375,0.017787026715868848
975,0.011709305095164657,0.013993669929995955,0.042444897829094774,0.02043661835799024
976,0.024667461362183785,0.019961103278122283,0.0266754760153608,0.012919393476317348
977,-0.0015208354695147586,0.008688484320070466,0.048985926439095606,0.023998736677979
978,0.01302365519557469,0.013381131156093462,0.035204438385775694,0.01703717209340344
979,0.00814496378435614,0.049191434933530065,0.054996169980813914,0.026714011986967323
980,0.006062347569427251,0.02180585655960318,0.03832832343658088,0.018660618491152914
981,0.011562717838601744,0.010362451876346573,0.029763584955412092,0.014301405124022448
982,0.020538841918001705,0.01424596690245139,0.02926116203501361,0.014082643596302485
983,0.015580141043480267,0.02214851453679892,0.0552124524032751,0.026736300527050033
984,0.012488378770804553,0.010971310706108212,0.04551200251282039,0.021976752276961248
985,0.006993891149649101,0.012508271226907203,0.05595193650175667,0.027089187389407965
986,-0.007051604110122955,0.021190178204772536,0.05547847728498567,0.027080285447303093
987,0.017996952946046862,0.02386242558789642,0.05119039400918679,0.024561755417213282
988,0.017583003990433443,0.01521791362861094,0.05139152979479189,0.024752005111341846
989,0.0295571857690492,0.03887202242947746,0.03510305467532093,0.017033062441424246
990,-0.002973564436037468,0.009225528672610617,0.04017411317372277,0.01952802172993881
991,0.01691399889827072,0.019456586525049724,0.05072662920632509,0.0244891737926711
992,0.007695334019429012,0.029198826467240174,0.04900849882058411,0.023708040308578926
993,0.017938153556297465,0.012416551141052667,0.041091882364347354,0.020051630137154386
994,0.020447088444577766,0.022365194440851333,0.031056287332827393,0.015059757835994447
995,0.007675004208038572,0.01370544499079751,0.04193063788270368,0.020206963815821155
996,-0.0049836660168245395,0.006835199326523461,0.021417284708633022,0.010390135458100774
997,0.013515039119591066,0.018148260235830604,0.05295019165877024,0.025492693602745725
998,0.007884651902489992,0.009642821518485695,0.0469311003350259,0.022781829894863298
999,-0.008841157046790782,-0.007752772321692608,0.026315509794171743,0.012986358780759155
1000,0.008456976058818233,0.013745048565089402,0.040106736495098216,0.019339402999023564
1001,0.0029128468501756766,0.029718830999980017,0.05318196025510913,0.026061918293344033
1002,0.02013542871174623,0.020485174534088185,0.030085426089203282,0.014395700760895525
1003,0.006254716386324133,0.026057124025450157,0.041560876203313724,0.02011079834158702
1004,0.00599316002945216,0.018136452574466222,0.040989616397159256,0.019837779153106472
1005,0.006443204706116479,0.01468260188040299,0.060991667705695196,0.029285898361417095
1006,0.007466896237883658,0.013359362752862591,0.019218791185613426,0.009310768178560386
1007,0.01725247697789123,0.018149539821547545,0.03400657601339363,0.01626278394518557
1008,0.013691472579856256,0.012299445113959306,0.03646704071172946,0.017427515342187366
1009,0.010883643390565356,0.013350971207268109,0.04230487005948835,0.02048478377440696
1010,0.011018099328432118,0.015594628794316279,0.04619511554184075,0.022315107016376984
1011,0.009844413738649749,0.011101589680413748,0.03812503461468131,0.018258416935496374
1012,0.018913936025602762,0.026502915206942645,0.04488068932562894,0.02170942874707496
1013,0.013615038709756333,0.007086884892671841,0.05299321500356269,0.025648431958520623
1014,0.02220189363551006,0.02764772207989874,0.05467650773345989,0.026481307468337295
1015,0.022756243413834976,0.019307002328847633,0.04056417964005221,0.019674787382433973
1016,0.008319725693187174,0.011941809648423146,0.049513677240261456,0.02401727876920648
1017,-0.00796234118516903,0.010722603852299756,0.05198043919017448,0.025313247313865667
1018,0.02541096215036942,0.024083790632264568,0.030717120752148386,0.014745783629558307
1019,-0.0010354434222490383,0.014736473626761781,0.03813791694623303,0.018621910951089365
1020,0.003733688250876721,0.0025706169940172274,0.0415162412205069,0.020216929142957113
1021,0.003558637662013253,0.009430760156988849,0.026094242063871675,0.012664513825464158
1022,0.0012523178656339562,0.007265857468538001,0.033018531468517076,0.016079042997038634
1023,0.019417878373399144,0.01950079500157273,0.03242631111729244,0.015563112979655125
1024,0.02056400464383934,0.03185965339043004,0.050866228459431784,0.024405575196067314
1025,0.006375208491952944,0.019992650424471736,0.05556277636339102,0.026654522323249302
1026,0.016585523994328555,0.02451336566229037,0.04065051791108443,0.019346176272900667
1027,0.0030044909044255608,0.013872520366327967,0.04626262734429898,0.022490306165010687
1028,0.007386954824193381,0.02113400391161674,0.057423229182751556,0.02773296553064894
1029,-0.0005620889971870158,-0.00122719710889313,0.02393690658098724,0.011530860118543318
1030,0.013202252089549615,0.021512815973285915,0.00991677174386496,0.004757490101594403
1031,0.00986943446942179,0.00482746944490775,0.04263243230661906,0.020672101103992147
1032,0.02161509745198842,0.023022923578433885,0.058177789618849673,0.027988366936990916
1033,0.0172995953514683,0.017493253646666096,0.04691916246618533,0.022737830115132196
1034,-0.005342563365181796,0.0024241198831861654,0.004092878252345833,0.0023124510896584682
1035,0.0054568641664396456,0.007764484816750961,0.04203752421218376,0.020254317703983005
1036,0.00503731920578554,0.022853049436098394,0.0451740330930277,0.021929857453283658
1037,-0.006385333728296083,0.006260317206425947,0.036091366785493295,0.01756341038714701
1038,0.014757657317717054,0.020884320938321765,0.05217242075729123,0.025435259678920685
1039,0.02419518206600979,0.00584238474315138,0.015299820288860788,0.007485397179729375
1040,0.01795002768748577,-0.003896947140241913,0.03658998244074263,0.017834462788901106
1041,0.011714538811825714,0.006651863153253473,0.04213504062390516,0.02030337029867585
1042,0.013307619581289565,0.020760075511394555,0.03340975775178334,0.01604225089559655
1043,0.012141284635347027,0.017645140241493495,0.02743870427028494,0.013320025261990054
1044,0.007581213898399497,0.009422386480063633,0.0347590867522074,0.01692910332648065
1045,0.025160135560715835,0.018490892702436645,0.04347872311536405,0.0209325372097727
1046,0.020010084883179236,0.004698149902689797,0.044062223903329034,0.02138676482623994
1047,0.0017576596506432285,0.00978350706286904,0.04861244926762143,0.0233435657222143
1048,0.020082324437366572,0.027775726291531855,0.03410660502467466,0.016389498097715033
1049,0.008710443597407136,0.01162004554715279,0.04188512695552249,0.020146524452362702
1050,0.006384033685176038,0.007698667721198371,0.048700047958239345,0.02336233159243037
1051,0.015977195921696996,0.0217435200037413,0.04815093577958063,0.023239688865048458
1052,0.025522915830080595,0.02301141340269952,0.04348011560152165,0.02104163930360156
1053,0.007483686985640725,0.010846067587663821,0.047633810899857076,0.023118519085123662
1054,0.026305728691753627,0.03719527195294603,0.03233475899326477,0.015633664516141232
1055,0.0094385482378746,0.024548758769258938,0.05006964081161136,0.024199261000578537
1056,0.020736490375293237,0.009069061413803314,0.024538518882152416,0.012008244816037184
1057,0.01173156182596169,0.028705876151806614,0.03432950768861176,0.016732553125226368
1058,0.013616036960917066,0.00633511116135882,0.021662103137265243,0.010509884209940784
1059,-0.003202490730273566,0.009351488246387485,0.05413708250225546,0.0260879774345035
1060,0.014603752860411934,0.009863168647032017,0.03560810228499511,0.017190559105241365
1061,-0.0025847664710385576,0.001888364964571232,0.048482637514024485,0.02349516483106326
1062,0.008405889096781416,0.02276663925520317,0.04029724500541909,0.019525357884901562
1063,0.022204575610148436,0.020358286632559952,0.03218077543992415,0.015508384944960318
1064,0.016845078716379525,0.01486481807005266,0.037590324209143544,0.018198697291278904
1065,0.01107371105109134,0.02821630319257601,0.04099702241650982,0.01976077027271117
1066,-7.192296151781186e-05,0.026407194614351537,0.03668419472588613,0.017830253950800873
1067,0.014561963986306159,0.011844257698928412,0.049822177537898416,0.024099304014251477
1068,0.006856521839398555,0.011745193778673196,0.0511894007343886,0.024758194725354454
1069,-0.004773955854786682,0.0019350094662536343,0.03356867483050874,0.016330518809251265
1070,0.007291946389594739,0.018904874236268743,0.04794301512914734,0.023313628444342982
1071,0.007399289522609154,0.018658507069163194,0.04829871734819713,0.023356376597394923
1072,-0.004010815560624659,0.009245399361582862,0.03604625625557323,0.01742956770513751
1073,-0.0003885978109078314,0.004171186782438774,0.05134597357466708,0.0250554651407095
1074,0.011262124375846616,0.017790159277987605,0.05556818973023081,0.026773076263498813
1075,0.026066770751010604,0.03300528790243751,0.04287914553241279,0.0207803447364662
1076,0.002177490808495608,0.016794137312922286,0.022115949197577423,0.010782074380572493
1077,0.01586948758368434,0.024389091317171596,0.052939840683037254,0.025511720059888943
1078,0.021661371334473656,0.03017870765878186,0.04189488896788607,0.020228851103329032
1079,0.015827657042182808,0.018508453769112365,0.03837334760385169,0.018390829538528913
1080,0.01212136486976545,0.01649504293110096,0.03910636497882669,0.018925718732066138
1081,0.022652341095558914,0.024843973705721334,0.03700290644980919,0.0176398607298546
1082,0.008804457798941678,0.0221713916032808,0.026554103993621347,0.012863882163558882
1083,0.022583300458921984,0.02508750102153845,0.04386057484908801,0.02123802101809036
1084,0.011407108365177665,0.03936321595225528,0.047516348998907665,0.023085328406866445
1085,0.01107198756759975,0.022874827103467166,0.054771474262521824,0.026351727639291805
1086,0.020079272783839253,0.022875370495042666,0.06411037760938121,0.030476559424859967
1087,0.00856448555762701,0.024741898073077556,0.04174255517971537,0.020041760908945216
1088,0.012108545760800005,0.029793651488886297,0.029773134559824554,0.014293947901569903
1089,0.0077710468876613925,0.005322683721183816,0.02857972675614029,0.013767941596354666
1090,-0.003554434946873908,0.005052040658249379,0.034636461196125845,0.01704422586576948
1091,0.018149910157162608,0.03978870354516886,0.04852450617365445,0.02338962230749958
1092,0.00951359980042632,0.010173839278566688,0.03666949784605389,0.017749780936510084
1093,0.012420905150450579,0.009672568698336104,0.04594456658672974,0.022093250814757853
1094,0.011740770684399937,0.019551795200635047,0.04422921370695132,0.02156760275750369
1095,-0.013367340617724821,0.007550985817770889,0.060816993799746144,0.029450815487718746
1096,0.004766194972710802,0.02207082695503429,0.04432995758981906,0.021535375189172562
1097,0.009128757895431217,0.004831315457411889,0.021706158774819406,0.010304197537595344
1098,0.018897734281598688,0.03149061711094148,0.0526968799217834,0.025430302776621116
1099,0.020722161414120532,0.026198130705390593,0.038839525979031175,0.018763551386714067
1100,0.017464353665994747,0.026288546595646722,0.01899865967341796,0.008979589285226491
1101,0.02082190915550719,0.020659721333138786,0.03923263459561033,0.018874748473596603
1102,0.014810046994354398,0.025891098356081832,0.0474978495586551,0.02306597196595167
1103,0.005529405430588441,0.024626912734622808,0.03114215149726629,0.014987707998385391
1104,0.01705828079863314,0.022124487715567465,0.042127465460130575,0.020268601635470562
1105,0.005590321409084553,0.030938243550694078,0.03861203715151906,0.018723702289357935
1106,0.015089350350922848,0.025425638843814102,0.0541046912069989,0.026279350829739062
1107,0.007681488425137384,0.00937812408085359,0.04676452219534455,0.02258309658272392
1108,0.01674942517662059,0.019538598651073963,0.05611833428717061,0.027092338888971973
1109,0.004079485252111881,0.02896819803268985,0.04060789359503614,0.01968562949794808
1110,0.0033443279261093917,0.015004941765912827,0.04598482355488154,0.02216620818534773
1111,0.016906770649381064,0.01983969611680586,0.04482574171394249,0.021486752265395315
1112,0.026555651329078667,0.02241717391396894,0.03844045904556348,0.018413810243796708
1113,-0.0031309157080203764,-0.001895881704065877,0.024931742377577226,0.012298681065309292
1114,0.008810143128589187,0.0068288676955164385,0.05450250510034638,0.026591277604930158
1115,0.011143160995400803,0.016723497847997426,0.040550681779037756,0.019650007506114703
1116,0.012809623973854434,0.011662817591419516,0.04791039680733311,0.023104181513445704
1117,0.007717057129283056,0.029950210937282673,0.049647778292657874,0.024120340412143032
1118,0.006593013914283019,0.008091018085915946,0.01964059877043467,0.009706703173431752
1119,0.00566732508453649,0.011551204842421114,0.05645078685753857,0.027355638490753564
1120,0.004036109959004164,0.0022497859948769905,0.046936968756177366,0.022727460701056218
1121,0.00589865987361593,-0.007061650258644414,0.029609035136475836,0.014319684195763377
1122,0.018547669268090372,0.027684532334726897,0.05354154818248369,0.025875992447508656
1123,0.016671601246212142,0.024277826296865368,0.044062617402759297,0.021151916171509744
1124,0.007998630853080835,0.017071189353973726,0.04445654273896826,0.02134147292594918
1125,-0.005075901872590327,-0.008752387369865583,0.03966433239900835,0.019285140651294913
1126,0.013783953493329504,0.015157722868481216,0.04268688547901034,0.020636653343018535
1127,0.020733294631996024,0.02171088693115933,0.029249654829103244,0.013994660427002786
1128,0.009219538493820623,0.00904643924919335,0.047718307239975166,0.023041580890250463
1129,0.012387332887504598,0.008255862784332602,0.04029492353394393,0.0195707169645829
1130,0.004907475383656212,0.009785828882562159,0.037789019335363716,0.018495632405866602
1131,-0.0074110411103700535,0.007621872859923967,0.04545907211857292,0.022190119162367544
1132,0.016613784881961302,0.01871567243933825,0.04729420539622753,0.022670939153766473
1133,0.005895971604642725,0.028455962014482694,0.052117304317159996,0.025247341722446692
1134,0.01242932438251465,0.011361413261149006,0.034702944835093286,0.016911941580323747
1135,0.00961677885461476,0.011818004259847192,0.048573264890823364,0.023354150517007788
1136,0.004461521420643044,0.00876457377582518,0.047349762118574334,0.022870168657752377
1137,0.004160708163487126,0.018505204712659262,0.03899406399951966,0.018786825872606133
1138,0.004893964417036489,0.008694004894844176,0.050809339392327235,0.02467350125390122
1139,0.009921508260547052,0.020631059892656206,0.06349277315895141,0.030608716987790052
1140,0.016925976484876704,0.03163397013691338,0.02892297664511767,0.01391253993813113
1141,0.016963278734163034,0.0263731199976516,0.044113626810418305,0.021242735390020057
1142,0.014011158688543413,0.021699215025969804,0.023348527949042852,0.01127150068613511
1143,0.017340213783168523,0.020543146876829982,0.04276572130728362,0.020616803698008113
1144,0.019678587216056087,0.030483331260587165,0.0450051117642809,0.021702546411110496
1145,0.006545127371273773,0.01402227428633021,0.03794125507921797,0.018642948741163318
1146,-0.007065756749324081,0.01421261065985116,0.03823304479194867,0.018594191787846492
1147,0.011010628460652816,0.0146146363969748,0.034988570581985456,0.016858565218813876
1148,0.0059787214181635795,0.0063096358671094754,0.03812471472446255,0.018295221578993687
1149,0.00901076444382598,0.006493787088672598,0.03613223101660745,0.01751823956238094
1150,0.00806281048365931,0.018312718344651813,0.05701026207215143,0.027601057996521017
1151,0.014289734370306895,0.011971739147465826,0.043230582167382625,0.020916097894065955
1152,0.023665250178571018,0.017106534029609433,0.03421945422735395,0.01624482727571913
1153,0.003698275969531095,0.01053827425131898,0.053536738595639455,0.025761118545296113
1154,0.0025912246911471426,0.01633656359360744,0.054640925995001144,0.026427989500639015
1155,0.014821126513459904,0.03752603512129915,0.04326356361756423,0.020992178978931575
1156,-0.004452829138667513,0.007251386504621954,0.04500463372850494,0.021774493361000458
1157,0.012091067350056717,0.018451773120257586,0.05125282046282542,0.02476104836471066
1158,-0.0003854812746990621,0.008335437212963759,0.04982862970085533,0.02399031091619991
1159,0.020514121534675134,0.021373231599141784,0.031187071690985224,0.014942762693196054
1160,-0.0002835771773201934,0.005188422357440797,0.02978601107593193,0.014456397705194857
1161,-0.0021186509821502497,0.008189883429138817,0.03893236031357161,0.018779220960003895
1162,0.0041636646197305005,0.020560185975633027,0.06385020906384853,0.030782018017821905
1163,0.0173298520624392,0.017139127187389025,0.04792204947805245,0.023012315946429357
1164,-0.0018758704967993811,-0.0015981477958338375,0.04140665534047494,0.0198878326617771
1165,0.018678056902917572,0.023222462915032632,0.032002960365484334,0.01553411518331027
1166,0.010329931988793617,0.02647413933812573,0.05299085191314301,0.02535145891284671
1167,0.0024908129907067478,0.0046004465737264355,0.05324585271022508,0.025642213629808897
1168,0.009740660984642102,0.01392364160614093,0.057542257648131256,0.02777908211572941
1169,0.000511742689072614,0.023679677972790913,0.04361380804854398,0.021265542495917167
1170,0.011697475450692552,0.009369800411569623,0.038829863293449396,0.018868057667593946
1171,0.018875422583491952,0.0321382285632682,0.019971712029305144,0.009819072550288188
1172,0.01722717302751131,0.027893730367352182,0.04664971490234748,0.02258802995652462
1173,0.019941683875462468,0.03125725655680758,0.045391922312475685,0.021996400207803024
1174,0.010194508718176398,0.02327483423298482,0.038922910604420546,0.018786107124946577
1175,-0.005647923515291975,-0.002769513237049631,0.009557458468273938,0.004722520881093345
1176,0.0004274738300329428,0.009732298593490896,0.0071640046001628654,0.003531180525109756
1177,0.011503035752752355,0.012217728715339216,0.041388767669388815,0.019956424534801315
1178,0.00951136296631927,0.010641586984889706,0.047713651972328464,0.02301738588945615
1179,0.0033021556305434796,0.002313057884641201,0.04250594212727499,0.020502265264976227
1180,0.028497099958697536,0.013032759078153211,0.015241245210540155,0.007265162089540672
1181,0.011877621416883533,0.020405115547395603,0.05049203589662721,0.024044701458045048
1182,0.007798493809301088,0.016653629733446446,0.03316846015747166,0.015893651392133112
1183,0.018775830091079193,0.02242063175228179,0.046689171061180645,0.022665519036847104
1184,0.022972425009785247,0.02420244108231076,0.04883140468941549,0.023398851639587104
1185,0.006071873499897018,0.008709691301671152,0.027787915716125267,0.013428145984505063
1186,-0.003683282600310922,0.007976522918543283,0.057939349302334575,0.028063282355831498
1187,0.0001732243010849066,0.014314203848047352,0.044590940475119356,0.021532743487221173
1188,0.03381239309140427,0.03326100683808919,0.019113590839560546,0.009124148555149703
1189,0.026676979581671922,0.019628035531806143,0.012970514192345628,0.006282156658775739
1190,0.02363744079862795,0.019880428589801602,0.04464094826466947,0.021650459693644514
1191,0.01017341350028722,0.017102966782768125,0.04838973143718073,0.023289569398194515
1192,0.007656436479268169,0.02839243936353958,0.052867188732512616,0.025495395910398566
1193,0.015655031696751642,0.01791854913094354,0.04410890493319508,0.02112257916196933
1194,0.0035774632115607163,0.03652421194183797,0.029753337817787773,0.01444880870610707
1195,-0.0006301297390667315,0.011043261785679132,0.03719216169649375,0.01813605386151712
1196,0.019174666613961278,0.03413941520475322,0.051875874156292245,0.024985908745442625
1197,0.020900146506957262,0.02438017402733572,0.0232431434240451,0.011224076490888052
1198,-0.011282833921406388,-0.00707653478797568,0.01904065816141043,0.009227466009221919
1199,0.006012512795859237,0.030444591262471177,0.04646521969757844,0.022714284667888662
1200,0.01025564101165477,0.011557155295869176,0.04158244723013571,0.019889252169843247
1201,0.024754660871130874,0.031421020017422197,0.025114593512866157,0.012193617221173764
1202,0.004479241437862047,0.02284298167169535,0.04712261249044991,0.022996248889045307
1203,0.012046099434188329,0.016201948873663996,0.045465402755192286,0.021992850184665458
1204,0.018393087904569616,0.04228637756550924,0.039147413822123944,0.018739402002195704
1205,0.02756168559304828,0.03444490960222038,0.051430670153111424,0.02475274391645063
1206,0.0011229212443636394,0.017423388771188514,0.0490923705143681,0.023607374323346947
1207,0.00767554465762299,0.0013917821477268388,0.0352756556617827,0.01716139198548608
1208,0.02326355829443727,0.018722856573466506,0.03853444031087028,0.01862508510274849
1209,0.013939769114940548,0.0182724499204735,0.04182085095411814,0.020368995983686633
1210,0.000485214922953503,0.009616027242705327,0.04700601781050573,0.022822929158834576
1211,0.005118153252504309,0.01690134292120149,0.06038451319401783,0.02905488488533864
1212,0.012735219894449479,0.020921224406348027,0.037461762274077826,0.018144142625625775
1213,0.01770174597499996,0.02733042305217062,0.04285731097988321,0.020544797044183744
1214,0.015018404164667487,0.023086307955516305,0.061133167916649245,0.029494282847602332
1215,0.005857569885218017,0.014857821737122079,0.0489816230809168,0.02353370233716831
1216,0.014164202149264726,0.022628513683916496,0.051617503288723166,0.024819372992619243
1217,0.0015844674695422167,0.014246251117853881,0.048693037847219345,0.023584100167098054
1218,0.01792740731529152,0.010207191735921217,0.041251195023805254,0.019997346653874565
1219,-0.00384653248614486,0.01827964477202368,0.04521546220371442,0.021694254537533347
1220,0.024361632274874978,0.023286320622439988,0.03898509871373568,0.018887844947977128
1221,0.008248196324187607,0.012525678324339595,0.03977069823774926,0.019173298531994815
1222,-0.003816416343669249,0.004106397238057252,0.03142765069323039,0.015223624397440683
1223,-0.0032610138240165565,0.009230188607569634,0.03267026499347059,0.015813462182862004
1224,0.014563448364983245,0.021406844783158685,0.052756859468642836,0.025589738873659007
1225,0.009042064286348905,0.024372751443366203,0.04558143262656744,0.022113349400376237
1226,0.0041856060586003,0.009561653330622089,0.05345323561516224,0.026018833201248204
1227,0.019003955237042236,0.016924570119220134,0.05115949288154242,0.024721779632843832
1228,0.013559224011319149,0.013033872645853262,0.04440672519717548,0.02123856799011334
1229,0.008516376016524774,0.006863003433361103,0.04270887024074932,0.02074337128322598
1230,-0.01269186374423148,-0.01555142435596843,0.024617366689618225,0.012002302868608705
1231,-0.001772187215223986,0.020643695145588586,0.04350643161177381,0.021146431529795784
1232,0.013867572530304129,0.03028884232862364,0.041669026225073735,0.020148321183905388
1233,0.015325269312603584,0.020460733088438265,0.040391935621457264,0.01938525177615305
1234,0.011081756200775783,0.04221817074491324,0.03757259184646833,0.018003449404551564
1235,0.0022115324167316652,0.013745617265910892,0.05753982154866544,0.02782763200324065
1236,0.004199030970634232,0.010240606596567753,0.0613028228674416,0.029452165325282803
1237,0.016671802889974607,0.0270884098238163,0.04521500691214109,0.02189946689329811
1238,0.013333707001473294,0.0327042026305471,0.038466491446466855,0.018630802050216277
1239,0.004721108627782189,0.023617454431082485,0.045292183574161204,0.021885264662115378
1240,0.013025628583486104,0.014194941475737965,0.01667233156878689,0.00814411966914852
1241,0.008812174613003543,0.016685576659373397,0.06141738697280508,0.029395563147614434
1242,-0.00063178851383483,0.02117542698516328,0.04053019999479057,0.019776623758478884
1243,-0.006761604839712776,0.006224128781016247,0.0449100611152371,0.021799823542107494
1244,0.008712320126587514,0.019515176625336417,0.05608217180166497,0.027253093258909927
1245,0.004143672320455316,0.020589062128077873,0.04724745852907475,0.022681430360854654
1246,0.02676662512759287,0.011853482736150722,0.015711137537097963,0.007529749034648703
1247,-0.00034697232940861245,0.004421073496015671,0.026613161776783523,0.0130836629003733
1248,0.014008947655169579,0.01763812661729769,0.04594947602562349,0.022042354722680707
1249,0.004400600924447606,0.014832856620362378,0.02756622735675951,0.013258354000755118
1250,0.005588189237522467,0.017976274132045167,0.052983226109083015,0.02567514691193956
1251,-0.005561114673137024,0.02452979845238612,0.039475516918981324,0.019316192881858235
1252,0.0038439604572262365,0.010182542813085421,0.055143560817977,0.026675049898781694
1253,0.025864484702324053,0.02456800814376131,0.04473509308246404,0.021756972559548643
1254,0.003487718240918314,0.00712763822391671,0.044026069138681234,0.021408978552347607
1255,0.01021769402531536,0.030489214938994924,0.05704186541419953,0.027316956392615416
1256,0.010289354782249127,0.013507859950062762,0.04974824516702592,0.023904757516520048
1257,0.012783305942731138,0.013663788463548099,0.039513922345169705,0.01916731340244293
1258,0.0119518208180176,0.031809580531889814,0.029011285383122032,0.01420442027153676
1259,0.01601911713387838,0.024504828097686837,0.055548424540119545,0.02692292478105368
1260,0.015971154046960923,0.023018138376186048,0.05181732266741512,0.025126790290537798
1261,0.013246518839865495,0.017873228747490144,0.03206672077684192,0.015541817235627087
1262,-0.00029068241773666514,0.0103711755888935,0.040114798133878526,0.019394071979031396
1263,0.008073021173489625,0.02637122619305926,0.042288490869396345,0.020485609725230974
1264,0.01212273522471452,0.01821370737980499,0.058221746023368603,0.027984110819696068
1265,-0.004666112857068638,0.013638311666161307,0.03251840239279813,0.015756350843072114
1266,0.009120936870229301,0.01155937396206752,0.04690375838162719,0.022565958154594168
1267,-0.0043117174560908245,0.013067388163093246,0.0307952451207274,0.01508047757668185
1268,0.004111344943654505,0.012501170064675382,0.03871407083386258,0.018750479475050097
1269,5.423557635375609e-05,0.004113298628334622,0.0462419574127817,0.022152656428166245
1270,0.01608733935691664,0.020339802020008735,0.039350479599864596,0.01889246550789425
1271,-6.197954711484321e-05,0.013272687829340768,0.03182965126381376,0.015436848355433214
1272,0.004085510348645349,0.007084654213700026,0.038757331159721575,0.018878464124266275
1273,0.003877343971772529,0.012034678552015177,0.05612989932204604,0.027116183277703182
1274,0.003563071224412351,0.012860065288381517,0.052786924727862505,0.025738459401221797
1275,-0.00908995720361705,-0.005928168685976926,0.019351410350001985,0.00939504840183325
1276,0.030113898565874653,0.02405602925314615,0.028770670623662342,0.013882783120867187
1277,0.013433552054559428,0.026355374455685865,0.03840823698471263,0.018270062936627057
1278,0.005236375176851271,0.00772914976930178,0.046996298040234086,0.022733954473297263
1279,0.01016618975374306,0.03003586407232814,0.03314331387825131,0.01613659470484366
1280,0.005901062695195858,0.02307851984997894,0.03440106200938875,0.016817458399218804
1281,0.015180815983878992,0.019288214862375863,0.038252807081942675,0.018551637359634443
1282,-0.005763700384709858,-0.009562086070671383,0.03775915186655199,0.01832856528034013
1283,-0.0021585885588355502,0.011620507261144636,0.029069592852425497,0.014111114332254593
1284,0.005440747012584013,0.03485621283104112,0.0351591101001657,0.017077639224410635
1285,0.002297114064689909,0.01702324506429015,0.04135826312003932,0.020048393561588107
1286,0.005537518151043641,0.00915165192256999,0.039053111463141055,0.01861045553953647
1287,0.008428151111329774,0.015419081883975783,0.04514103442067585,0.021749682092933098
1288,0.009513659604935554,0.011093422680356346,0.0367299932623808,0.0176795419304476
1289,0.0031173154337916786,0.010856719419421346,0.050472526650148786,0.024358680448125364
1290,0.008582504945612413,0.006690784479907008,0.04499662491852996,0.02183023121520125
1291,0.009144453528066032,0.01804572537870644,0.05542985533136213,0.02676219389086379
1292,0.01077058941463127,0.01337317798829013,0.05229483615025654,0.025256109888237177
1293,-0.0011157074340527595,0.00660484256619015,0.05543791773797946,0.026870511157545074
1294,0.00943411719087306,0.019738521416495125,0.042601171485820766,0.020487740344687172
1295,0.01198289106145256,0.013636245549820819,0.03158172795958414,0.015215481935541869
1296,0.016894428172690712,0.012595027244601181,0.03946082093918746,0.01908322016930669
1297,0.017823170450350645,0.03414065865720109,0.044142719125087715,0.021263614119951174
1298,0.013874036599528128,0.017772538799979032,0.026572275124760902,0.012860382045708357
1299,0.027560369901785564,0.031905681952164394,0.036613509762465024,0.0176793420189304
1300,0.018569245446649285,0.02166620909148953,0.0502121907652886,0.024218538071948653
1301,0.02344907764935178,0.026892431377520787,0.040909745032312816,0.01966652110688044
1302,0.01714225909903533,0.019098073514016878,0.039391941312029055,0.0189060410922762
1303,0.01098580873597399,0.031805516058333316,0.05853853785897678,0.028428677086542592
1304,-0.00948110037886285,0.0063077706889776985,0.034066435235954984,0.016603921711438374
1305,0.005203423850616007,0.0216642679241153,0.04062133639361787,0.019585124156634603
1306,-0.011450412471689098,-0.01003605255022702,0.029807350314097425,0.014514256580622414
1307,0.019357235565326647,0.039010890306575896,0.036985961273196644,0.017719129949370443
1308,0.006960864706119785,0.016257446391969854,0.049975672810732785,0.024291688012921114
1309,0.018711940591657594,0.034772354868272626,0.051221571237444086,0.024791817784481862
1310,0.02966007977486107,0.0226378306318943,0.04592402491059844,0.021930241027577763
1311,0.009780976196058111,0.01534649832366547,0.06356277673366895,0.030571634782009555
1312,0.0248533706541314,0.03198857643427014,0.04385229844858851,0.021170963680918614
1313,0.01719856246313589,0.01809295369443531,0.02738833054042078,0.013361283319646422
1314,-0.0007137608450105137,0.004392815830149194,0.03402529432990353,0.016502803990855436
1315,0.012626708422166733,0.0038674414394994916,0.037068835037670333,0.017910948584884567
1316,0.000138875491606405,0.0007831879564582089,0.04543544547356493,0.021980281609630087
1317,0.012305571994055797,0.018469445989321126,0.03959710803222127,0.019108131934676087
1318,0.001213002464922175,0.0010900635518136248,0.028198894967618515,0.013559847206969539
1319,0.0010561674334736981,0.009690485806586935,0.02783531886362567,0.013442710809330682
1320,0.01190357901170258,0.018480215025097002,0.045571496620391616,0.021851323876597606
1321,0.008387299608885623,0.00689949356018571,0.04884471354853248,0.02367725364392692
1322,0.019743404852482938,0.012681050488383638,0.04323485867304466,0.020736481278083113
1323,0.023869014130290744,0.018825579325363703,0.05209805852290261,0.024928920425923595
1324,0.006846988900735429,0.0083174192416193,0.040019833975753816,0.019317462329304286
1325,0.004516141989512001,0.012705980378227566,0.04181486854867278,0.020239125052306017
1326,0.016057750613289734,0.012970218247342985,0.048840833058924615,0.02363264785037894
1327,-0.007907278868316658,-0.0016156233057304514,0.028364083166178333,0.013659695123895532
1328,0.01604609905943888,0.0206964587621421,0.05644938928548182,0.02730910840825812
1329,0.008735978790604393,0.005853957594480319,0.042902059747437216,0.020791200371039015
1330,0.013008335945254967,0.010168872176324506,0.038746184578600795,0.01854788869560664
1331,-0.0031885066132207873,0.007975241334874816,0.042024623891790513,0.020155361229670876
1332,0.015862093769941965,0.014995819248864395,0.04317277353476967,0.02079038082718493
1333,0.022980177189457662,0.024346051032586247,0.03927777577664171,0.019134055848831127
1334,0.009392018915828415,0.023442431312137357,0.023452656440715924,0.01127119534455212
1335,0.012780912943926692,0.011094774239924998,0.04937204442932208,0.023612418341336566
1336,0.002756006716950421,0.013508937871006155,0.04684698575603663,0.022715684681502424
1337,0.011292523317246617,0.04391632802567241,0.05836861884998967,0.02824791627844883
1338,0.004966310028039489,0.006511262888780844,0.030870242123370084,0.014847903635817367
1339,0.005965533553363156,0.010972092940221556,0.05206604578814211,0.025210214776458517
1340,0.015026966284574228,0.016910604103137605,0.03831471371098194,0.018506399414811914
1341,0.0015901947709426878,0.0024088602078742305,0.04649010513846141,0.022424037117770135
1342,-0.0005306556597436396,0.019169086231483334,0.03435618659843753,0.01665330245672844
1343,-0.0076768895798104975,0.005580016344693517,0.0554851401041595,0.026682197584967593
1344,0.01338450230213828,0.028222545523250098,0.061783945619023006,0.02988485362641924
1345,0.007929380537154973,0.006828682508117578,0.031068703284531374,0.01500960555395714
1346,0.016526264125065526,0.012025878734135576,0.016005162106377147,0.007745417673217847
1347,0.01777788395642188,0.024864503193390508,0.034718525815070844,0.016728058146580987
1348,0.007990597032580538,0.0165948912454546,0.05473943417487703,0.026393662752879715
1349,0.01655994700816954,0.029014421314709382,0.045401113416419614,0.021984570901331185
1350,0.02339119800274503,0.017293501488824387,0.031887507178584684,0.01556095493818982
1351,0.025388399217673996,0.021473029059992862,0.05295872185422268,0.025380096142584324
1352,0.00739347387838496,0.024678250750862607,0.049396383678500744,0.023854291759766916
1353,0.0015853451639989968,0.01730543540476509,0.05300543018271375,0.025353810364424467
1354,-0.0004239103315542003,0.013735490673739303,0.04057075490263662,0.019498751098443873
1355,-0.001339753549230771,0.006998484204538025,0.026770090563807414,0.01284218249311439
1356,0.013886006406436224,0.018930353218617357,0.049159554142573225,0.0235392158190334
1357,0.010571854389903601,0.014040566288936351,0.040572951050096284,0.019612825855544053
1358,0.005164827505746317,0.03223786408588472,0.04120776369320278,0.01990857680022709
1359,0.008193476400905952,0.016001878631613342,0.05831262855916486,0.02840192819152912
1360,0.025618930067885737,0.03943895419473889,0.033506962058616474,0.016066880830682695
1361,-0.0022428865754657856,0.027186597373821786,0.0394093471101149,0.01906154212260905
1362,0.01485025631311998,0.019353337005320964,0.03953876372713194,0.018926267125675578
1363,0.018820444431258854,0.039170006245474676,0.04499495737386172,0.02179309497617185
1364,0.013984307841746868,0.02299841365815214,0.04115408536860066,0.01974258864816192
1365,-0.009865743889032719,-0.0047836642899175,0.025563339695078957,0.012496230201126668
1366,0.018832271316862048,0.02481716669207107,0.04363888397731486,0.02102423672786638
1367,0.005965267717770839,0.017166022747107323,0.043342116437772416,0.020829915986555897
1368,0.01553280923982514,0.028050689865913414,0.03482918908105348,0.016774744442633438
1369,0.014013363844393556,0.010715353001747252,0.03727407370009628,0.017879406462701336
1370,0.020774791970792683,0.030528643462071348,0.04752670128685932,0.02286114948120191
1371,0.007320680290461845,0.015181461547419811,0.029987690394748023,0.014338372873674232
1372,0.00848988311166643,0.014901758096724477,0.047764943539075566,0.02301040327261525
1373,0.007833516137776275,0.02169178575604669,0.04303761234374037,0.02081987259940729
1374,0.00771227309545075,0.021516000415055775,0.03494092297980489,0.01681480750875794
1375,0.010418837912282264,0.004209707902196574,0.03716607698257468,0.01799362721560885
1376,0.0063604455537369375,0.0077604294302293375,0.05926013694816368,0.028523884016872753
1377,0.004956776157506115,0.02731187332490051,0.0574401679110349,0.027832633172323956
1378,0.002787854934789613,0.010513094831196335,0.0330775522809339,0.015910741164657544
1379,0.021222372598722727,0.018893984178931955,0.03653422674884199,0.017567909176018248
1380,0.00896880867208305,0.013092616235271137,0.04926842327139758,0.023510549458694435
1381,-0.009711571354040327,0.007063470798139515,0.04284998139563412,0.02111097820641189
1382,0.001688441735264945,0.019793196465060503,0.028697389540964124,0.013693011927649962
1383,0.017311658778223715,0.01114295273002927,0.04467512214171687,0.021560683028505917
1384,-0.002504895929401396,0.02092877865620829,0.03249275692668163,0.015629872898315716
1385,0.003549284509720252,-0.00040819907837710834,0.049848595966902276,0.02399602765194231
1386,0.02884913862961469,0.03241108521027089,0.03098042408521795,0.01492397382871627
1387,0.009113436979222622,0.013647367422988554,0.03817355801353339,0.01834789436724321
1388,0.016205064747465636,0.02289967363036083,0.0471084108451828,0.022597700321134923
1389,0.01453092570103598,0.004468375146855413,0.04405900305260346,0.0212402285379569
1390,0.009844055761770054,0.007300985679485755,0.03527973593380174,0.01694717705732912
1391,0.01453837388243795,0.03245623247528345,0.046072013518999255,0.02230097862037478
1392,0.010579276980472119,0.018008755388479347,0.052954366835275435,0.02548796161057057
1393,0.01313164381763332,0.019637926636300984,0.0602593000615973,0.028985412101191266
1394,0.013402878442302368,0.011819332546435801,0.0434557353263888,0.020980998076014973
1395,0.012634874759476444,0.023115276867950063,0.04150714619821838,0.020047967426228552
1396,0.0033720423320611204,0.01739703175816465,0.03578624188359514,0.01736403322731153
1397,0.008347866055423037,0.008002388309743369,0.03209754422515987,0.015475069976282757
1398,0.012759096546391291,0.019287717781324987,0.03573897771172363,0.017253427059848586
1399,-0.01421381199707672,-0.0021053530446145663,0.04286544950782034,0.021024038260204214
1400,0.010280090502815975,0.0203591693138529,0.04840858958363414,0.02335691363224543
1401,0.005147796065791743,0.01808128705110973,0.04008553330278075,0.019526302711823734
1402,0.019856102787066954,0.026576809502033172,0.049050500725755564,0.023608699916360443
1403,0.0058942134118148415,0.009394777883091093,0.03945226585298811,0.01906701727738508
1404,0.026418370771359223,0.027649429391268215,0.045593141612408794,0.022113827063863417
1405,-0.0004405505945551669,0.025105630674627732,0.0520225644280099,0.025303954767361525
1406,0.01865283348320934,0.02503187535115356,0.047886737317907935,0.023079194735347502
1407,0.004949304762490669,0.012047257821258484,0.03944192148166947,0.01880051324687848
1408,0.009354404558684637,0.0073677454754084715,0.041142741415120754,0.01987353789993354
1409,0.009813561014920591,0.016641281235033,0.027440839417400276,0.013189905550428482
1410,0.009746606199480534,0.02011313353675226,0.041554487180242794,0.020239373183267573
1411,0.010632742227512981,0.02161261621335156,0.04924865801569822,0.023987850415753575
1412,-0.0037119193358065017,0.0051164727082946004,0.0384903800064782,0.018702056563733055
1413,0.019477519896320072,0.0068204755929304195,0.03579465379550395,0.017157045613175742
1414,0.013976972402759635,0.0089169278890886,0.05512531880373872,0.02640991340960419
1415,0.011089102362047965,0.010932929305812328,0.04873650226315451,0.023351286821245404
1416,0.002227778256680746,0.011994892327963247,0.053111941518057426,0.025669787971951213
1417,0.008238817245157959,0.015342018104734123,0.05656848929528302,0.027303218488367087
1418,0.006150029495090692,0.019252549026924942,0.05268684434770721,0.0254747191706253
1419,0.02138101787257196,0.028265259781572655,0.03354044901067288,0.016257737752718243
1420,-0.0005227867399806296,0.02895534982920711,0.04270979823098986,0.02075763919531301
1421,-0.004907137483852075,-0.004090052149619494,0.027357608163973923,0.013311717366800813
1422,0.007952952888474862,0.011735472682913917,0.04647581514228383,0.02234958400024553
1423,0.01562964611438411,0.03024989741189843,0.040925724494514704,0.01959121750943088
1424,0.00794125372113963,0.019353949380020052,0.04364319224776314,0.021036741112344826
1425,0.0005361882217579383,0.00795282445043971,0.05886987860368231,0.02838406538809138
1426,0.018191229175795298,0.023669136482673908,0.051871598021369536,0.024920978883580858
1427,0.0129283646446271,0.014216391928873806,0.04260947201488696,0.020556254720030115
1428,0.008891853162645846,0.014856749472187292,0.036607034002204775,0.01768867414039038
1429,0.012918766233825263,0.013362855630912995,0.04508538194847955,0.02160279594939707
1430,0.002448672718049716,0.008725200337335592,0.04074768259726946,0.019788604044055774
1431,0.006039080533201346,0.012786881040732223,0.049020702031180585,0.023936068496786034
1432,0.0012022991376297032,0.012695722758110595,0.03834832113349673,0.018850365468243396
1433,0.024239195761576626,0.022728763213421765,0.027759154714093293,0.01332845376318545
1434,0.010180451634391186,0.01695332386704912,0.037610212710796675,0.018191424878610307
1435,0.013143480649950079,0.01744547340736602,0.033223749049257956,0.0160750021981359
1436,0.016226239245678897,0.025739969640432014,0.05075767316112967,0.024473616399442455
1437,0.008143150507278096,0.02210512880064408,0.05663734904467921,0.02719818819910852
1438,0.023322936828803265,0.022048043521538607,0.05141322130050441,0.024838801547994532
1439,0.019222894713491367,0.02445140484717917,0.034552219273840556,0.016725018425840704
1440,0.006160570457916403,0.015540078715166161,0.041049030677139164,0.019952808204368733
1441,0.007496807045369147,0.015028325230802497,0.02046701889132685,0.009865851686116478
1442,0.00527903267246177,0.014370097868363713,0.04298799070064141,0.020915229834447407
1443,0.023205285590522262,0.03380052847362491,0.03055607992922804,0.014632304556891601
1444,0.013964677074380427,0.022116431282556248,0.02430647634628047,0.011747119318421456
1445,0.020840744742435913,0.021703250428852183,0.032804403805324456,0.016122185857487398
1446,0.0019981635276012932,0.008260851658404927,0.026297780448501507,0.012880833996950863
1447,0.018604485838062734,0.016188652000947962,0.05572216723287826,0.026672178528968526
1448,0.014083619818975768,0.023598641259838238,0.04913502425855598,0.02346690066932211
1449,0.026070074534687904,0.017964822820016296,0.05439914843505611,0.026253643505876417
1450,0.017922348637671837,0.04292769278281383,0.044107549598834894,0.02138776394814562
1451,0.007342563081762954,0.02266077871818764,0.03382268649735343,0.01646777781368114
1452,0.00650682512707812,0.02687855624986557,0.058403699980945856,0.028434359053476854
1453,-0.0015829349723432973,0.0038420234156471555,0.050783226843535645,0.024450946317294747
1454,0.028930490286743993,0.020676962277868027,0.029924290703304157,0.014528739874063112
1455,0.010395127963818251,0.01789298065978645,0.02703902688862947,0.013127594658115582
1456,2.665072211249786e-06,0.013094655208016587,0.0450663891429417,0.021803700689358885
1457,0.007810795868515963,0.009441132966048121,0.05981332818919427,0.028637512424609185
1458,0.010058018797233892,0.025773391626551373,0.06321214401907649,0.030336424181819227
1459,0.012482463577195402,0.012820413302976952,0.05169064726103523,0.024754317349572758
1460,0.024432647207477176,0.043363234598067846,0.038153121673948576,0.01832674851753391
1461,0.008112815024833409,0.01227217088193025,0.05489389533067912,0.026392377165304626
1462,0.005741928325078582,0.01373053880105285,0.038828002866239,0.018795069441962187
1463,0.01109209671017708,0.02175407726177936,0.049474782383206906,0.02408433383088801
1464,0.009675801657551997,0.020414443714047686,0.042321477615302694,0.02045822811838402
1465,0.021417627837769238,0.0304064816413451,0.04041622743978923,0.01958884603655081
1466,0.007453630166993408,0.023513384734761944,0.05682415652129369,0.027395459089359864
1467,0.0017515916720156621,0.01715588876980806,0.03725217773566247,0.01812679493838812
1468,0.010541498533180316,0.014505534987237667,0.04725760578069382,0.02257257318527156
1469,0.026230383784601297,0.03078333489222096,0.022675835621772,0.01084875195217111
1470,0.007996174476176843,0.02126123245411296,0.05311260178936239,0.025563177735278497
1471,0.005957527864037027,0.018777391643972963,0.04280389300599696,0.020568645854365908
1472,-0.0010892049892309297,0.005368812778798138,0.04295811572099972,0.02083980863779472
1473,-0.00019245423300007225,0.006174348722347789,0.05306511262400193,0.025893238268461904
1474,0.0011858181174714266,0.018432276525607527,0.05262202141354855,0.025342949512028645
1475,0.013545661819143517,0.02182453676091692,0.06259467709217126,0.0299886859110976
1476,-0.005176671174440428,0.032811886068563834,0.05223675415024953,0.025243040746194517
1477,0.019349431091336133,0.023424099214662097,0.034807542094452915,0.016664509991921483
1478,0.0189164590891564,0.006739169805623002,0.029629418866085833,0.014495443186094026
1479,0.013165072455236126,0.01494978787384521,0.044935920113154615,0.021799058784397113
1480,0.018841809776031004,0.019920323391234618,0.03820576200750303,0.01843022366714922
1481,0.009244387968863621,0.011255018218667812,0.05427037087117237,0.02608160693801187
1482,0.020842201859262666,0.01857775364042913,0.054933859669875185,0.026471839894833954
1483,0.007392082903802666,0.05130880328227033,0.05015406611843776,0.02421397635395911
1484,0.018716543192698554,0.025870817478229502,0.04402825403164834,0.02107815962127635
1485,0.016436852525835377,0.017715346908124763,0.0359861150382762,0.01728246138194467
1486,0.014930429297012271,0.012921773390216634,0.02855368657951951,0.013720473473415623
1487,0.013100888066553074,0.0255432384693719,0.04465462066485504,0.021501267937713092
1488,0.007273097512953797,0.010386575282888527,0.04364604101536895,0.02111713065819945
1489,0.01045728860236439,0.010035724741689511,0.051471796120566515,0.02481567248603056
1490,0.015390272465078292,0.013777531905567963,0.033863659259270484,0.01640206423892751
1491,0.021173808963051655,0.023255939758080407,0.05188959370443069,0.0249749755288034
1492,-0.0001742987896953263,0.010445653652647185,0.03484038108185017,0.016807401698083285
1493,0.008525573218040483,0.00902826890361702,0.035769260397004454,0.01723896024382887
1494,-0.0025206402868825917,0.006633692061750074,0.03210729583434746,0.01563244900036609
1495,-0.0017981034242208205,0.011688422371459506,0.045246179259276764,0.021759020285243513
1496,0.022307569747660905,0.013564818355904451,0.0357274425247166,0.017154596472834627
1497,0.013991901069513646,0.025920024158251453,0.05646754347253091,0.02720911844664145
1498,0.010679657077336757,0.01729965865233682,0.03716941959750253,0.017994928904318752
1499,0.011528658954477078,0.014668010453274927,0.054087244157601244,0.02593733758297398
1500,0.018725909366137827,0.00876918316636574,0.031948128716664526,0.015347876685483652
1501,0.03049300732278759,0.026496763345532942,0.049496234551730245,0.023932854458462632
1502,0.013863762568046778,0.01168709789311101,0.05297761153499825,0.02563964430096266
1503,0.024194111962647202,0.027978946818480288,0.03700347122297887,0.017856538930351384
1504,0.01936431288030427,0.025418471256953512,0.03544418166666774,0.017166761740001896
1505,0.013966947857870782,0.021561924644600328,0.055447678302905645,0.026617376946465876
1506,0.002089040469152259,0.001397728892200134,0.032492510523205786,0.015873508853994606
1507,0.009918745256656258,0.017812427531921526,0.0512220469058875,0.024801640013623255
1508,0.013287207788496791,0.006462680018411132,0.046207927591335074,0.022422293564205664
1509,-0.004553331549993711,0.007994422416205571,0.025551518444148935,0.01257905143531049
1510,0.015803059200391045,0.02644419976334933,0.027220591484564904,0.013130616379373655
1511,0.015058196008652769,0.02494252060359259,0.04356841576387527,0.0210651351649003
1512,0.011016735015874524,0.021580149882836658,0.046254709599481525,0.022377752919459343
1513,0.009187832014182828,0.01323260717579497,0.05437299855887634,0.026211624149725776
1514,0.008275592755598749,0.009776252150464015,0.04927450726720328,0.02372512298493229
1515,0.013051896205120594,0.014412223862844326,0.06013345859429986,0.029121122551791806
1516,0.008656170084825554,0.018546875938885155,0.04147738276195734,0.020022638681111538
1517,0.01331610275054751,0.012102122897991174,0.018558460446389313,0.008975393637971535
1518,0.006335229022608635,0.03549216146391013,0.04955944253607114,0.023909643790543833
1519,0.014014565512742161,0.015855964165032294,0.037162283940422314,0.017810644489442695
1520,0.015093051973582794,0.01729025940592885,0.03688230337571796,0.01780005647143712
1521,0.024518530085414825,0.027198648505232292,0.03289250165361035,0.01587781957656098
1522,0.0017156318959861139,0.0027244821777897277,0.04156053424460937,0.020150688598255473
1523,0.010334456819353188,-0.0040635685995045745,0.0461312591225409,0.02240588494637627
1524,-0.0023439101071263124,0.010466064139071751,0.04315350095108683,0.02081003055341457
1525,-0.0007972453172802041,0.005031096415265862,0.02190203875840624,0.010710835183842471
1526,-0.0020306845312461075,0.00918950538499852,0.033221821141696584,0.016099548697596444
1527,0.02213818266739087,0.03169685200086303,0.03721138360601817,0.017894930055894015
1528,-0.004209251601496988,0.01370986054170828,0.02502812396813736,0.012210368808556304
1529,0.006778477209019695,0.021166903480473953,0.043139776049007095,0.020726221124922062
1530,0.0058628786174906855,0.016077862775517204,0.02509220447353877,0.012208417269807398
1531,-0.004491003032237373,0.008647413960896883,0.03430177142129143,0.016547558786517758
1532,-0.0011341085933840311,0.004923963048550861,0.04886036775675573,0.023662587235388693
1533,0.00015419897601853805,0.025663481578894698,0.04024594290477834,0.019553677472032904
1534,-0.0002819522959978116,0.007413235573112631,0.03416877320703726,0.016560627323469718
1535,0.017547389156670534,0.02162408953241038,0.03267903184852161,0.01567034771444692
1536,0.0017727530143063497,-0.0004673605534540881,0.04993614725002915,0.023932018036660785
1537,0.02778664765617045,0.028825432194250378,0.021018231231534235,0.009915580249725553
1538,0.017254908376187372,0.016243597913083108,0.026418680316355192,0.0127091454977932
1539,0.003769655333227706,0.012907647561343383,0.05474583510745368,0.026135995322429856
1540,0.017140945059900714,0.01942189079293455,0.047363860305815964,0.022718373681215542
1541,0.007410277217963945,0.01846978471013047,0.042519790484634834,0.020502095945403892
1542,0.01603606524737977,0.013682128966636925,0.02841244166565393,0.013751483523902791
1543,0.017294457182596035,0.03348497443271581,0.05502675896326259,0.026396660477670197
1544,-0.007387618506924709,0.003969226460564773,0.025921777092404397,0.012498650511106851
1545,0.01986804581284063,0.03055612700171262,0.042364054092370096,0.02040386866017274
1546,0.00335880245604403,0.02364694404362505,0.05907733395881454,0.028487730626713476
1547,0.0161792747411601,0.028568884384401277,0.028152236963990163,0.013592393558453708
1548,0.024132282317331777,0.032905925008843734,0.039236564590990564,0.019151820308024287
1549,0.013172772949462397,0.010074358380777915,0.0337105998530034,0.016195536185664494
1550,-0.0015100237537418737,0.018843952761972732,0.050973988619247956,0.024596281299678585
1551,0.015665537458261047,0.017642666304519744,0.04564059067532533,0.02190459725532426
1552,0.0008048220020381303,0.019770121002166796,0.05671503253146504,0.027456750063542895
1553,0.010386941809400696,0.020613609279931056,0.04781812294689258,0.022900759848009627
1554,0.0031209627227194447,0.005988362870300246,0.04765419808609184,0.02284120156218189
1555,0.008600070646369473,0.01430414835677607,0.028153019770663312,0.013889505173672878
1556,-0.0076731563188812135,-0.007271995633287398,0.034715346111915735,0.016889096922106328
1557,0.010739648471539631,0.012578216885417881,0.047269259976041256,0.0228938823301236
1558,0.0069244529756443685,0.016958590341261542,0.053896968705476334,0.026030684387484876
1559,0.00032572747524628465,-0.00014948308592624415,0.04037565081328198,0.019489479656840947
1560,0.016585884298829456,0.024764500094137387,0.045274462092965706,0.021826416236560925
1561,0.007380561847483591,0.013534875346041864,0.05439502926900208,0.02633841946893853
1562,0.011963158726437495,0.017791539882889007,0.038974264353282884,0.018516399327090427
1563,0.01444927485567038,0.03226784885926959,0.03850785512254107,0.018718582356649777
1564,0.02053567293928593,0.0204825329280586,0.022560508806280466,0.011007739237020614
1565,0.033082137920535715,0.034470315631959014,0.032198257101069605,0.015517902830087915
1566,0.01715636312039459,0.03776276902538944,0.046138838824264394,0.022167175458494615
1567,0.014792108615871102,0.020573975725025173,0.05099801213429578,0.02458962393548167
1568,0.002066815749789952,0.01358740309896686,0.049287020256303604,0.02387499658729772
1569,0.006304560846047802,0.02003853161984026,0.047989942308914735,0.023224180177997544
1570,0.004312663407313733,-0.0034403388410624847,0.044365348245423375,0.021489584280584895
1571,-0.0005666644530102349,0.005767582033029628,0.034609745765548316,0.016902514978054534
1572,0.016137714490566335,0.023825683994659563,0.040553831609093205,0.019632588261742523
1573,-0.0038599941227254186,0.01600886170190835,0.0570264784416179,0.02753282929449616
1574,-0.002074020830944434,0.034126460323822105,0.04821454573567896,0.02339121894796653
1575,0.0038467821878389596,0.027777113014895355,0.03833395901784331,0.01863174930961975
1576,0.017073390311870495,0.0235190351027367,0.040515228956799154,0.01967528013631087
1577,0.007113054474287117,0.02326957722181447,0.042158925728416174,0.020290026779761577
1578,0.025124084075045405,0.025465526940701727,0.020269917086817912,0.009574241271966294
1579,0.008003351631748923,0.032022880864604863,0.04823116433320784,0.023345418741649693
1580,0.010009631572928557,0.026376192527944986,0.03492857621335799,0.016783199705603158
1581,0.0035824815051713754,0.01895201370136851,0.01849580635703052,0.008922088207972828
1582,-0.00328886732961442,0.00677756927755796,0.03299466622140845,0.015978076977320094
1583,0.006897964806224621,0.010455879128188905,0.05794890370602379,0.027990845184953234
1584,-0.001833745697900846,0.013515339950492367,0.040322022714330275,0.019440365981021085
1585,0.004937567630001527,0.01763947336942362,0.05090759417713919,0.02477328211839075
1586,0.018999270003728363,0.041546572339373505,0.04355531908040977,0.021087488551225247
1587,0.010647501653231806,0.008908484737326805,0.04336110901319268,0.020799677553531404
1588,0.011610380647605001,0.0067117923646646815,0.04315194298738212,0.02101966222446422
1589,0.007979381174908595,0.005835796464522008,0.03711163701456022,0.01808760221153527
1590,0.02890270398245287,0.03685049707367849,0.035731770459686674,0.017186551273562778
1591,0.014839016281400719,0.02141483961418139,0.027351088266498347,0.013382685563648605
1592,0.004265558256205115,0.0154962362092812,0.04074678702175616,0.019770876086058625
1593,0.010065700664403265,0.0001435582596366336,0.05288208769791913,0.025595551842793135
1594,0.014766381438420018,0.03300632967011033,0.04643478844483129,0.022695640515734694
1595,0.025997014942384378,0.012745636530229754,0.03414852591750961,0.016526419366312772
1596,-0.002394995598706151,-0.005288987728440969,0.04578425143778264,0.022109803051113736
1597,0.01387576929090606,0.03313130031617295,0.05270255577726324,0.02553208018691394
1598,0.03553594011180394,0.02811981480256201,0.025334629919762208,0.012116233166525547
1599,0.010556036760676735,0.0229893368614289,0.045246918574559314,0.02166342799590762
1600,0.019551929823536818,0.028754571134661566,0.04157691514031281,0.02009414900353776
1601,0.01760494235162946,0.03868657821454591,0.04114581662487937,0.019746416884189932
1602,0.0009917171735563945,0.026893251647791605,0.028657982717929076,0.0139784108990392
1603,0.01079237673113742,0.016395245350645016,0.04274766112449302,0.020680957013725326
1604,-0.002988610705202732,0.01151218083741895,0.05821345037525838,0.027928515704490342
1605,0.00205216184040391,0.011990641266938357,0.04034795526424628,0.019278096388722937
1606,0.01275768570581004,0.00893009756036045,0.03310749125940449,0.0158052364615604
1607,0.017849886631055356,0.020752317019744088,0.04849389896351686,0.023306350143522725
1608,0.018097457923297977,0.015770163129702752,0.037839575883026,0.018306586165761973
1609,0.031228720351258565,0.03238709361698522,0.04038866734777058,0.019501053635333915
1610,0.012823473961446119,0.004302930936236071,0.03688321930614413,0.017944148394397647
1611,0.010157007282107888,0.014785066651671647,0.04475375941917037,0.02164135141443746
1612,0.026579156511623903,0.02797423168989638,0.01749308991796683,0.008344456080916912
1613,-0.005172309765009153,0.019133205918422713,0.04981132003048272,0.024344822222485796
1614,-0.005710292054131427,-0.0009752082413926888,0.03375524437558575,0.016412820542453826
1615,0.015370356137459629,0.012904927350588014,0.053798840514725166,0.026070380264822307
1616,0.0016127074667310337,0.013198148386247,0.04388598541575084,0.021303261920126215
1617,0.020983520746194806,0.027104770285257457,0.033501194416158064,0.016294145416876155
1618,0.005533757218618374,0.020261721873009897,0.03428422626051564,0.016554919788737493
1619,0.010895271038586007,0.0003580153123239338,0.04159284912423966,0.020163671188601573
1620,0.027397905991891847,0.025986276909514883,0.04806082455117977,0.023383077209284314
1621,0.017607740042333564,0.023153103035757544,0.035209563907630304,0.017103991104890248
1622,0.007743019382341232,0.02934885769623813,0.041270584463297344,0.019851101216446038
1623,0.008768781003485104,0.008833312939402593,0.036642020257681374,0.01774984522104542
1624,-0.0025834774938574556,0.014412986514433429,0.029184429663500655,0.01429772429997947
1625,0.02252686885798405,0.0223621114891219,0.04147654808678436,0.0198342334116543
1626,0.009816288710919219,0.014137376828889048,0.046468100459909345,0.022379593575657747
1627,0.024412331322960723,0.030945713540032116,0.03760462528222519,0.01824430646824174
1628,-0.0007950348705821897,0.012153167040528268,0.024934153317718755,0.012085815289181318
1629,-0.0011905351695313815,0.003978464165735274,0.04474770330939126,0.021599910523767668
1630,0.018349521286528003,0.012016063774014568,0.04237838023589635,0.02037339063576024
1631,0.0004715438889031365,0.02039684464209479,0.04687006064465926,0.022658458806885162
1632,0.011005172335391222,0.024976506322991032,0.04110254890142917,0.01984384731116573
1633,0.02374832362432422,0.03014937901385259,0.05252628761119604,0.02534767783679051
1634,0.0016382902289868717,0.015983745211700345,0.04450301091019537,0.02162040758651379
1635,0.027642896037185283,0.03784354942963333,0.03559084023319625,0.017240000285523555
1636,0.002070851425103326,-0.007986624965012235,0.03219885126260791,0.015596801787324477
1637,0.0076394757852510375,0.012798783710261386,0.054202354088155213,0.025975173329655432
1638,0.008202241008799183,0.012073943183502744,0.037452554871894805,0.018213034242734988
1639,0.021386387509763627,0.022548552943727956,0.041315984393246796,0.019876174212697384
1640,0.01814447973160538,0.010531511618770667,0.03931893772608408,0.019144169792724153
1641,0.019127494700239,0.041602270712987166,0.038760091309503863,0.018800053779015613
1642,0.011929530384429454,0.005312561719458486,0.021872419514909258,0.010496728991337828
1643,0.0007319909376932721,0.01853057248510534,0.045902536954959494,0.022269908760670698
1644,0.0019223486952318902,0.020194661869197744,0.04068763688650756,0.019906992233985538
1645,0.005735592203292228,0.01310772558800044,0.04735493239483113,0.022836449209681586
1646,0.020306052418587628,0.024365182833295196,0.04121198015017513,0.019738224237509427
1647,0.020517666621321706,0.029306247424109533,0.043566819387809486,0.02098077223855721
1648,0.009544589633680878,0.024968517198947576,0.03902277616830163,0.01885609569431143
1649,0.01237369992267412,0.019054061452549148,0.0637929316240392,0.030752816920395998
1650,0.007111380961787206,0.007194484389108885,0.039604097717548026,0.01913372016021822
1651,0.016639511926924144,0.03482948371042133,0.05546476842357151,0.026895153754050105
1652,0.020583993253931898,0.023099323475526817,0.040028727673816156,0.01939745344602009
1653,0.013460704709440607,0.03209517840640086,0.02075002989559427,0.010042051326462409
1654,0.00964561234981276,0.02145723390174159,0.057948972995856884,0.028099142495113277
1655,0.014768943770957499,0.005408434196195799,0.042801405622396094,0.02062142598824121
1656,0.023448197551686922,0.02747312414861508,0.04439444385526381,0.021383081476532312
1657,0.007653322311793165,0.016577935151316253,0.05712155012940057,0.02736767880173291
1658,0.008907600816757455,0.015634436535561624,0.05321308613705644,0.025613349166185045
1659,0.021439321249235532,0.018885826077983392,0.036179037047592066,0.017447778194390695
1660,0.012280221753750764,0.021455104513309925,0.04566359899210226,0.022095118260989144
1661,0.003805737641132234,0.02070700497960193,0.042020170578300875,0.020412751091288706
1662,0.017505883827811708,0.02889160145045197,0.054818772339336075,0.026452137576814028
1663,0.008234398644878516,0.024229892273398834,0.04165148394428375,0.020211915002202208
1664,0.00765532263588109,0.004779068667081304,0.030656733235507216,0.01475668584395387
1665,0.012140541443850461,0.015488903688653133,0.040159084762216746,0.01943659935313355
1666,-0.010045507967886946,-0.016520430716494727,0.020998629028584292,0.010271101284924755
1667,0.01253058672309082,0.011340225641440604,0.04528976228184123,0.021796197656154648
1668,-0.0024420271346100586,0.009502643660290855,0.037354996890318404,0.018063947874295994
1669,0.015065314177203026,0.01454569849197987,0.04533069483722951,0.022079537651231163
1670,0.011785377622193893,0.0262878665696909,0.03502754026476884,0.017021479111709675
1671,0.017298984120956984,0.026214712683869212,0.03459116899826742,0.016644276114535755
1672,0.013935868119075323,0.03173235186236317,0.055031922998032834,0.026538381985487747
1673,0.010961940882796783,0.01999454056970862,0.03881226126118875,0.018691940563259596
1674,0.0016348609933153346,0.012507988789164953,0.038407368885002735,0.018736097553583547
1675,-0.011996166071891579,-0.01949522017121952,0.028007034357670713,0.013645227567798929
1676,0.023741591719525057,0.006649659661115664,0.042030926872192675,0.02029838808433776
1677,0.012674834771534527,0.013690503984819358,0.045473104900343175,0.021795801965896283
1678,0.0034512869136762436,0.0028584776976416926,0.03509910625078172,0.017022060113505932
1679,-8.929597500328956e-05,0.019734146286171955,0.043545746313315314,0.021140413442947537
1680,0.013156820377418166,0.04935421729874276,0.06491321022827301,0.03139906301124973
1681,-0.003803728504026882,0.011870285736491681,0.02959910267957011,0.014425195321150192
1682,0.01744353997134973,0.02300571604359805,0.06116184943551284,0.02947059195641019
1683,0.01559838585470319,0.023351960897575963,0.05769653312997791,0.027850154854060755
1684,0.0009954325254246665,0.010350332029662679,0.02537522852818097,0.012043720003079239
1685,0.022694965044450566,0.02035938701876222,0.0395374621508231,0.018990500350972356
1686,0.020366424610623324,0.007438632613630369,0.029168700968628558,0.0140809795072592
1687,-0.004471359569245381,0.000958994970749083,0.03807598273503299,0.018615832738649613
1688,0.013052446202883705,0.0152815518089712,0.04143510118332738,0.020005395968024337
1689,0.01117810026049293,0.01136261004774447,0.047208450677824976,0.022839371000390962
1690,-0.0025276239118637855,0.012229520917829945,0.03918877486262029,0.01891952088532281
1691,0.014491989023634577,0.020592451983497795,0.05356338541651362,0.025810562129420733
1692,0.009774358571907449,-0.006529397846936541,0.046588313769792444,0.02243711103094398
1693,0.005169075895009145,-0.004044114414292754,0.03153382786592818,0.01535154158507765
1694,-0.0034784539707990447,0.006150801644057624,0.04777976391934591,0.023080890321074216
1695,0.008784220913022778,0.0060685918117618365,0.052024989546401224,0.024920878110077427
1696,0.020299954008263343,0.0214871977411408,0.029458453031350196,0.014086285839957857
1697,0.007111106884807095,0.01593919205273933,0.04817173483809234,0.02348918426552768
1698,0.01658699003782438,0.026475885294931972,0.03690000363824553,0.01781236268133679
1699,0.00850605209407751,0.02814597987972836,0.04299394081736352,0.020791731964217186
1700,0.003649448551777623,0.010713462314757616,0.03238899120753225,0.015619230993725391
1701,0.01344245396149224,0.020626581131507365,0.048860839764733655,0.023600526988042242
1702,0.0032616410221794068,0.0030492724921787062,0.02525223339945115,0.01224510271510626
1703,0.01792540890000649,0.0319251419019983,0.059858269957898114,0.0290324337782768
1704,0.021204066025125146,0.013557741706281101,0.04681595382688719,0.02259264174434683
1705,0.004879951292045659,0.005568672357629173,0.05351040996599754,0.025779406179334274
1706,0.010840679237517081,0.018798549839557033,0.04961435868585107,0.02385993367310771
1707,0.01321249428448601,0.01275825976679651,0.027895472269810595,0.013474834865261243
1708,0.026765740188543496,0.02750492519973441,0.037288539595897285,0.017831258165359964
1709,0.011693308166376926,0.01765055643456248,0.04795523366785692,0.022970017976755713
1710,0.006356139281218698,0.013440083892294175,0.03552970182733273,0.01707243855635837
1711,0.021434323537382727,0.014093186484101516,0.0429865549752273,0.020698798321373307
1712,0.024726847085332793,0.03716132433636658,0.04518898818597328,0.02185696715651214
1713,0.011538325110497794,0.024225831905352824,0.048533255953393195,0.023345149293279466
1714,0.02514634243695346,0.01753571373903623,0.032866139472606415,0.01578814170631368
1715,0.02286160350493649,0.040624035710801365,0.048316913944285056,0.023371374580154564
1716,0.020283756601917835,0.020377600521453876,0.044439930497058744,0.021407109967616883
1717,0.031288893922243544,0.03508157057739597,0.028835093899549857,0.013848379193815902
1718,-0.006046659986224001,-0.008139292311477697,0.04144483240777397,0.020245815756517793
1719,0.00606146822498177,0.02749821125819968,0.048731738327097096,0.02374194745846403
1720,0.017115557568118223,0.023102307217639617,0.02993575896236733,0.01443878685196956
1721,0.012230403895017394,0.02408172943363024,0.05449837720942419,0.02622397413010763
1722,0.007616003777714542,0.02458984741026443,0.03936669543960769,0.018861389606187717
1723,0.0015154384811082444,0.027321109086671097,0.05749160537957254,0.028037482205825442
1724,0.006981434476088566,0.0024368427899554845,0.024333825314785562,0.011650432533911431
1725,0.008712668944591107,0.007532630150563102,0.035091758857023425,0.01712167225968339
1726,0.017721400000708543,0.03488012667474827,0.0344929811053204,0.01683914834041414
1727,0.012900751287753587,0.01357458360360217,0.05145108284495559,0.024871376915173493
1728,0.019063629679623606,0.028759197556760485,0.054550087458715035,0.026104403164031786
1729,0.02165132648504864,0.012140730960795681,0.03688364860701254,0.017983083214171552
1730,-0.001739489685589679,0.01646674661194486,0.05568828194156905,0.02681622198496783
1731,0.013070284656403253,0.005295118064751525,0.0468700866340529,0.022643098677845974
1732,0.010006569273874777,0.02192675195727145,0.056848255767505296,0.027519088884302684
1733,-0.012220511176713633,0.011383993130547387,0.048747758517033724,0.023835552784372965
1734,0.0008312773906441473,0.013208095886400983,0.04822015202777352,0.023337584350525326
1735,0.02177332458599235,0.014614486645134317,0.0336111691957004,0.01624767526389706
1736,0.013461886286222136,0.026264527682195254,0.05851656792507198,0.028275664973279296
1737,0.0005397098391461963,0.008424581890345756,0.02456108174222693,0.011866793978451112
1738,-0.00447417531159755,0.004536809244034518,0.028545988146090884,0.014105694085743525
1739,0.006697183446193966,0.012215256401365698,0.04402866706246811,0.021290245713582984
1740,0.01594562993662163,0.04342227026119813,0.028706101595862732,0.013793776758235038
1741,-0.0021728414444791566,0.014653290511205147,0.03429781967240586,0.016716375772089925
1742,0.017101375923924245,0.026185086359206966,0.04519106790437333,0.021947465614543055
1743,0.014345544802376153,0.020967673902670958,0.04467353903687998,0.021492606595606756
1744,-0.0039668968563305596,0.011559547077371501,0.047816078397484585,0.023045999265767725
1745,0.01617976691878531,0.0266853888234381,0.03549420889939514,0.017143421796667724
1746,0.010785423350604617,0.01858878372145581,0.050418718423042574,0.02415755542205522
1747,0.017370741123212907,0.027337519256661363,0.030004587496084256,0.014495380636485478
1748,0.015223515016162925,0.016664332663522324,0.04855018235015662,0.023292224560841096
1749,-0.001144313176947409,0.005853292287737094,0.01099538329987726,0.005315561403024666
1750,0.018200380689691653,0.025422767151281833,0.054648185091950685,0.02621501658121983
1751,0.0144346340074053,0.025834943849218778,0.056152992284665415,0.026968096745279585
1752,0.00010287491449867403,0.004522702808254453,0.05052151519311843,0.024514419494908624
1753,0.006807365342763938,0.022260601497877897,0.03527803271742924,0.017108907631291276
1754,0.003963338235878244,0.020281913646605254,0.04807426424376193,0.023148349579612232
1755,0.004460634677468822,0.008595463036984552,0.04481562920411997,0.02164606074514802
1756,0.007002317034196293,0.0062563681536873805,0.036514265925253864,0.0175120125990309
1757,0.002993922789019554,0.023705450335354594,0.03752083982967802,0.01810767973649996
1758,0.014538853317811351,0.020582992143322043,0.051964509111247725,0.024926679132028146
1759,0.00436295175634438,0.03459718783433002,0.05472273593101351,0.026493861126884566
1760,-0.0018824832915547152,0.013463042858138041,0.05806550528280896,0.02791572104605544
1761,0.013653281994866151,0.01855068069336166,0.0391813400283898,0.018925048449286774
1762,0.01111935797841146,0.017890156222802156,0.042497954557827455,0.020539457035201547
1763,-0.0029819649652966795,-0.013179464713752753,0.03717242601304538,0.01793814199613053
1764,0.012995643248607469,0.020772036705201696,0.0421787982006433,0.020225162239142336
1765,-0.0024711232581678955,0.009846619003951174,0.03755609558693285,0.01814013397098832
1766,0.01902885403328647,0.010125215102881835,0.02885126665572657,0.013985610276911281
1767,0.02468820169767394,0.03464929748031728,0.034248219921461764,0.01654812441544906
1768,0.01681210417043033,0.008677531205839695,0.03360016630807905,0.016172722929421735
1769,0.019471620754563324,0.02948909900350466,0.04457504762439912,0.021224843416055295
1770,0.0026047033054876767,0.011095242417210105,0.0373522926299128,0.018181281461844223
1771,0.004874926951355496,0.024072223000677073,0.03790072383351861,0.018573029467366997
1772,0.015744459227078456,0.02362989751884939,0.04755885752369993,0.023031692569521617
1773,0.008535163236990329,-0.002398888497599505,0.02555735274696158,0.012423714659972829
1774,-0.002231933306053868,0.0048000875981479285,0.06664704394996002,0.032138742252000085
1775,0.020077156383758177,0.029751601822092633,0.04694136927972614,0.02277989095640054
1776,0.019224095017674858,0.027621220487386494,0.0455229167133544,0.022067584782719668
1777,0.01514061116031884,0.021993385307911978,0.05338980686143757,0.02577160813029658
1778,0.014982083427879989,0.031030032652670514,0.03094558301720962,0.014924016333040607
1779,0.024056965412529552,0.027471781801534145,0.05357458014742378,0.02573095407971071
1780,0.002113405471466545,0.014330419952691131,0.04548383298515524,0.022129844811827004
1781,0.013485712958525409,0.00798353579417116,0.045187642292048746,0.02194294832458238
1782,0.026678251016125865,0.03195573719509881,0.04079715001850781,0.01965981629241917
1783,0.024168781731679245,0.013940476653415107,0.04884235044944574,0.023711079632429466
1784,0.012140067895087592,0.011978127470381628,0.04682320336452628,0.022373585409812907
1785,-0.0027307219142961303,0.031089943552913224,0.054241116860597294,0.02631659082064558
1786,0.025084285701642672,0.02242660062803109,0.039453012659588005,0.019071987739108898
1787,-0.0004965550435533927,0.008234153770248387,0.05245227756819626,0.025357884460884494
1788,0.014404128131309202,0.02452978407887557,0.02891793602714965,0.013934670360926799
1789,0.007508081703377578,0.011590494496387271,0.04617790027296953,0.02237411726366162
1790,0.009589438168611575,0.011922814583187141,0.0334892084705114,0.016315911883869105
1791,0.012391297387000844,0.017430228305596818,0.04229092775688226,0.020322587582877555
1792,0.017762237991864605,0.014476293112217209,0.03646840886352132,0.017576659384397286
1793,0.02119902864505896,0.02919409156818778,0.04237662823352584,0.020605506030905274
1794,0.006876379824936052,0.023279949446351478,0.04218715810261564,0.020305823639215403
1795,0.007885666333399044,0.027649304424838594,0.05023137758893226,0.02439817075143713
1796,0.013717177329832353,0.025903670702721537,0.04359941985265803,0.021080145622137003
1797,0.021943355094201866,0.019733650807883252,0.04257131251039692,0.020451557748034033
1798,0.02321783395632493,0.04208380204240314,0.024395879335729287,0.011787782279573666
1799,0.011724291288560229,0.011693220905653334,0.04043591830206228,0.019456582906607373
1800,0.0036056160051028963,0.02115882251420903,0.043707419526519686,0.020956173700918457
1801,0.01157944835121083,0.028184711698422293,0.0491725595016288,0.023951867289887213
1802,-0.006571122396828555,0.008484530362748044,0.03665470047895325,0.017803617914568304
1803,0.017473085912187436,0.003083416812939055,0.05841372351409191,0.0282534100816986
1804,0.004558099625163625,0.022075026680875187,0.023220095776852356,0.011142573192636396
1805,-0.0012191612349374825,0.024123673748492364,0.05099961225107896,0.024676881692908603
1806,0.017942953081357293,0.011110323489940815,0.04898983766075882,0.023722027444286142
1807,0.006879046082450824,0.013901587186005093,0.04310307593061513,0.02062859371682621
1808,0.013531167312975434,0.025655896997399757,0.055183891671022445,0.02646837547581732
1809,0.015403507708885433,0.022348702989329727,0.033915872218040266,0.01638455956428389
1810,0.023922975424270132,0.03137068375401936,0.051036065771141614,0.024663136951755066
1811,0.008838961179758797,0.019137874767106072,0.04083526774514623,0.01971180766021352
1812,0.0135204705053249,0.023525165792477848,0.041378686252885544,0.019973628442538277
1813,0.022683233227643318,0.02177747358764602,0.03497791969330821,0.016932206628316404
1814,0.02008803968833839,0.029380171602815475,0.05048253585652751,0.024098995324571715
1815,0.010704724695734247,0.017124428742843978,0.052354672684237435,0.02512109496051898
1816,0.027629743262246542,0.034522441763938094,0.04943634391811791,0.02372946857642544
1817,-0.003632821812923126,0.007729088899826986,0.040099469973817636,0.019351397181233992
1818,-0.0027389757764167966,0.006479283079564135,0.03275390722362026,0.015872750956739012
1819,0.006195937694676412,0.01027551257656989,0.03977510708712395,0.019062358814243174
1820,0.0020853564455290963,0.0016049823746476788,0.04646937613340474,0.022334039350647122
1821,0.014947256879685122,0.02539376761422929,0.04803199094379784,0.023228764272892638
1822,0.004137214017624902,0.011634150770912954,0.04987211368556188,0.02405073516000042
1823,0.00798508161138023,0.012782704959052038,0.04709956991179565,0.022743983628580683
1824,-0.0003197006699130478,0.015327063776357452,0.030563907753728303,0.014829015308277682
1825,0.009066760690099596,0.00011461197856985073,0.02024833643201307,0.009869184282292831
1826,0.00790303868191522,0.020836564154211534,0.03546756095247727,0.017072861969865377
1827,0.0018462898845518216,0.021406889700991166,0.02445219792116382,0.011899690965769621
1828,0.002909878795704368,0.010470787659325576,0.0511427089237797,0.024857195879907784
1829,0.015259326138694962,0.021094208121922864,0.03687246054053328,0.01771849914511095
1830,-0.005159637123068328,0.004123031912144859,0.030422572572854745,0.01483645988705859
1831,0.013875193354272009,0.02027347393313622,0.052244013983442916,0.02510627445133215
1832,0.011025220898090438,0.023655863870411548,0.031893733150416326,0.015408011319673232
1833,0.005165923693915997,0.010633529267786157,0.05428468560696398,0.02637136812754698
1834,0.013689251802723068,0.028657218196618706,0.062179596440637974,0.029942132597738425
1835,0.013366829805694258,0.009173536004447924,0.05160047861862416,0.024775270222641838
1836,0.010875412113939276,0.028085004337492614,0.05209110973591502,0.025087287890841137
1837,0.0055444676621633215,0.012487876953001548,0.033095207305336105,0.016077161732355766
1838,0.006658939993216539,0.007785328704205563,0.045946970000013576,0.022141779841680975
1839,0.017573942109259222,0.026665132662959945,0.017904551352084908,0.008693570321468697
1840,0.0052925528742141514,0.005392175475126548,0.03600607131112521,0.01749145775257388
1841,0.004304108988908095,0.012307887440562632,0.04121888967901899,0.02003387623669678
1842,0.012542842917677155,0.018223542514492458,0.05036754635058005,0.02425209830965519
1843,0.012905888140646304,0.02768067472389596,0.035705128210272385,0.01711043947165622
1844,0.00018111690739652797,0.018622418780405048,0.04062133038299387,0.019829697634010074
1845,0.005714795002900952,0.014359739397120319,0.0353376836464071,0.01708930930032318
1846,0.004363234911263336,-0.0003069922633245348,0.027954767687305426,0.013445008301823408
1847,0.030363537105839944,0.03688850536045507,0.039596182739980335,0.019093878514565593
1848,0.02159981837235947,0.03815720119802221,0.04300465686314536,0.020710264306003506
1849,0.010617018956489144,0.014550732861905558,0.04001579801627708,0.019497443368314965
1850,0.010781805779003006,0.017389399237094205,0.047574868250918945,0.023070555387803088
1851,0.006743829390412293,0.011856960778483139,0.06267245069310645,0.030246764508997354
1852,0.012751057520059006,0.005874296339954399,0.03684748444360053,0.017683809212293927
1853,-0.007214428026501962,-0.005655226541942199,0.0384029309548759,0.018550064359611873
1854,0.012158707902607535,0.012828433912716486,0.042014225094026636,0.020450894037302852
1855,0.004034808006916024,0.006766718071583633,0.03154949423599562,0.015189026440465547
1856,0.012701109360492957,0.03215111428049511,0.028803772604540034,0.013759541254126928
1857,0.018580643072033776,0.022946342821314192,0.045686920370518025,0.022110832719830303
1858,0.004780806175158858,0.00419596696841229,0.05483611446895742,0.02648596506802542
1859,0.015633037446656006,0.030953905076278376,0.04845547303494968,0.023381138539589397
1860,0.025374748901586086,0.03278414970890825,0.04973470862942231,0.02389803660494369
1861,0.014078165240105522,0.027272869555539897,0.053428274959996025,0.025529151080620482
1862,0.017782248603499085,0.013357156980797147,0.052630440035907,0.025289399510103006
1863,0.006624961136440399,0.004364885595917578,0.0456667377747656,0.02194892651391578
1864,0.02843135339397551,0.04078841870819577,0.04572340232017025,0.0220667048516347
1865,-0.0039392718258528525,0.0247938513229648,0.03543003037985493,0.01733544518594396
1866,0.0035867721965363586,0.016983554962476777,0.05544037156251014,0.026824721558678377
1867,0.029909045786939426,0.0422525485412219,0.045373751648154714,0.021855171589088507
1868,0.0191975771784072,0.024602810220332033,0.037286925788332814,0.01797990600900709
1869,0.014476603513969954,0.012687049837141279,0.04651221773656966,0.022162507930734182
1870,0.007573477068944734,0.005786859593120419,0.03387563004735106,0.016379578063329903
1871,0.013218772150431879,0.008330833851422248,0.04217666827455835,0.020428991286410958
1872,0.021426813656550414,0.020662846508479937,0.04315536617795668,0.020769618677438678
1873,0.006666096845399316,0.01922112017623029,0.046584748877676274,0.02257951690377802
1874,0.01232850707322275,0.015800524631359614,0.0573804050558282,0.027687196985932694
1875,0.01948519264918014,0.023991215377817676,0.03656411746217958,0.01771305230067413
1876,0.026853617426019327,0.021529384993771952,0.045788408176917206,0.02204058065683906
1877,0.0259574359749577,0.03433110196946032,0.0487751573540971,0.023534317750310868
1878,0.01190611137657871,0.017340848057817132,0.048641362483628936,0.02369572096034908
1879,0.008252399585409131,0.004548421391591229,0.035089288481569114,0.016833634236599754
1880,0.015676081828836286,0.0201470150324633,0.04274672098560428,0.020580647714085715
1881,0.022492149659389504,0.02868699865666563,0.05108643151968684,0.024728962107587654
1882,0.014833963419216056,0.015158421762937135,0.031226799240610004,0.0149059472426748
1883,0.030124306466127737,0.03565369954743558,0.029989712428891036,0.014574564484723052
1884,0.01504924523533313,0.013122087831708262,0.017026070885623135,0.008243001439412034
1885,0.02375505441374315,0.04370515926202659,0.04107344341150598,0.01980576513307683
1886,0.001879167514066249,0.011625606925900311,0.033933122151837525,0.016483852663117526
1887,0.016633871460556504,0.009306028185584347,0.04407790275956125,0.02121365336873421
1888,0.0215849583320582,0.024552879196880373,0.04684867239849799,0.022791162546642124
1889,0.009616563158619917,0.005345129269656024,0.023371951621761977,0.011238284339524895
1890,0.011502258385796216,0.050617534918981966,0.0338641911144264,0.016656966853562438
1891,0.028547018355844722,0.020152065698363877,0.04029968812492013,0.019467696182866062
1892,-0.003232089190021381,0.003345694134917393,0.043112014385117914,0.02098425162517792
1893,0.020140501616969786,0.010262491734228413,0.04349713809739664,0.021064202874100546
1894,0.02393717484711555,0.022314465205072742,0.040058167708751924,0.01923133608359448
1895,0.011964923854575926,0.02402242056888984,0.046079258773404685,0.022421685549916165
1896,0.02133267913485326,0.015509622615500152,0.0398254171309228,0.019023032733057693
1897,0.011956000875860351,0.016521632721835183,0.04980607864315223,0.024183980278107114
1898,0.019017555182595736,0.02028760356360504,0.03621756763318562,0.017560471334744615
1899,0.012487117197005015,0.007033962232312813,0.041618757706780474,0.019947909304610767
1900,0.011014489973678598,0.009894314127044612,0.047965236348730955,0.023108982193099953
1901,0.005243354498849939,0.02531077128892867,0.03597758017310915,0.01718885163317732
1902,0.005269014434984509,0.02478316606553385,0.04316176459872845,0.020940949980029044
1903,0.010583015791358341,0.017157622388583316,0.053307402733964504,0.025652430440207014
1904,0.003993233808673113,0.016534599305158493,0.03771783731029721,0.01808212803030043
1905,0.019127231691935753,0.02055682675207432,0.044611975900383904,0.021433450016129868
1906,0.023795723883575204,0.03539942787686834,0.05215245277240843,0.02529391099744202
1907,0.0268623770754296,0.03125744236209568,0.03402437901082089,0.01642728708711544
1908,0.017009250462619363,0.014689321914250875,0.039525400105298036,0.019101309333702354
1909,0.009719016531113844,0.004944607681002133,0.03515954715224079,0.017025231730761814
1910,0.016410087226349734,0.02140188966846915,0.05608187559777256,0.0270742585546159
1911,0.014772106877696256,0.013371163646807571,0.04734413510699065,0.023056791530084775
1912,0.013876148135709254,0.019684994023881686,0.04420119180014548,0.021116124136493802
1913,0.014863868072581554,-0.0003913373613306792,0.040853753724653497,0.01962128190178919
1914,0.0028679456145268567,0.006867891930571968,0.05248470863658772,0.02534985003118473
1915,0.021013686479573357,0.027419507538680082,0.028389742716150468,0.013696731395830275
1916,0.016461777826543345,0.01685419134796773,0.04634830928120981,0.022254573185566923
1917,0.0005615335292746826,0.013620863475646977,0.018498066859197304,0.009039722318449045
1918,0.03678388714208736,0.032535474365396305,0.025778569198291135,0.012495805325226095
1919,0.019801144723508357,0.02799317108968752,0.0399305334266471,0.019251794460967392
1920,-0.002783401493062665,0.01340901791784685,0.01832723114961332,0.009026713131800451
1921,0.013447871575032244,0.01449322660821567,0.03940740617750005,0.019161168653971883
1922,0.005474019441159439,0.02226426204060955,0.06330499074124629,0.0305724274863087
1923,0.02262991725764829,0.022093763533510474,0.040602099217615595,0.019657042469092362
1924,0.014916222856919736,0.01395378153225274,0.050610485264637295,0.024353747694995348
1925,0.009692478871604626,0.01190008689191338,0.04463843483722352,0.021496725183762
1926,-0.0010294252969718087,0.003018902149240832,0.04856496343179739,0.02351355078658726
1927,0.01571495301131176,0.021398849977906254,0.04230751319675463,0.020304415007612542
1928,-0.009464216820987637,-0.00553738660046077,0.035565186038490904,0.017178143695211756
1929,0.02348665090337909,0.031673174231254486,0.03809880951674971,0.01821036370531537
1930,0.018832366211146367,0.023321637908486792,0.05260857431445509,0.02548017500442909
1931,0.024002347768448673,0.026038237516886276,0.02400584419099905,0.01148421783120801
1932,0.01733400137599106,0.02439980814853146,0.0397456141783048,0.019003515599128745
1933,0.00030934758232181725,0.008962471203785183,0.04119877235686453,0.01978957424121444
1934,0.019455692596687113,0.03015584524984452,0.03732198978919776,0.017766347167232632
1935,0.012630663548377052,0.0033532983353007917,0.045764905470034756,0.02204296793573568
1936,0.03031949449747584,0.03299730761626585,0.04153914006697501,0.020078429858192803
1937,0.01558257912860428,0.021984222273179088,0.05074813388013866,0.024451735860844676
1938,0.01027437381381946,0.010628678949898052,0.034977979236011425,0.016879891215346166
1939,0.0158628026582448,0.028505303602224447,0.05021331769627846,0.02425593333353318
1940,0.010779494309162474,0.026505905408195113,0.049189930096765644,0.02364912360386867
1941,0.0016061105316007573,0.026003382857736346,0.048013715310849636,0.023269170221786706
1942,0.00032527488187739095,0.0011284918521449472,0.03669865311363152,0.01771455311542597
1943,0.010565172503814835,0.03463499584322732,0.05143644832764971,0.024849811951582007
1944,0.017857348243861426,0.019435160756352488,0.0335112745308046,0.016086794404327837
1945,0.011520474401706449,0.022110821914180956,0.05987716389936848,0.02884018537839067
1946,0.0066010593180405586,-0.0029257893918281097,0.03364090293987865,0.016430398727381834
1947,0.007156422661054096,0.007905877905293568,0.023118554321109652,0.011081706781030293
1948,0.02645291122203952,0.018576258642077237,0.032354118630705475,0.015480818080870595
1949,0.012265369713246654,0.03162567424742638,0.05182347981909452,0.025009794297685545
1950,0.021291039304124126,0.027556280715746312,0.03556157194208631,0.01712062006740095
1951,0.011270407412577454,0.010179554340514235,0.031444428082181064,0.015043913327903058
1952,0.006550907877501677,0.007914139337115267,0.05213085145415397,0.02538024823539134
1953,0.030135060535575797,0.024005372784483392,0.033491494121031584,0.016131879503082702
1954,0.008232612817744234,0.048651230540132956,0.047829483058723476,0.02339622975762723
1955,-0.004609640834040363,-0.003407563943505526,0.030845136428429454,0.01498654612298897
1956,0.016785681324090862,0.013383812733837763,0.039330013112760076,0.018961130863946796
1957,0.018561630825104647,0.019469646080892522,0.05274824343597606,0.025386640039325004
1958,0.034315761533152744,0.030037346621185068,0.013962026590178755,0.00652664590162616
1959,0.01241773205844432,0.021568365467138334,0.052126808523833446,0.025177543460072865
1960,-0.003834019169094316,0.0003416144564181711,0.03114526569007503,0.014926611445996968
1961,-0.0028865146869943015,0.00699347104427539,0.040211537443333834,0.019528336840481636
1962,0.00440355427195982,0.01733331077248182,0.05326037206542222,0.02565931373598976
1963,0.017893538811343368,0.023635380779553572,0.04709983458939382,0.02286407775470911
1964,-0.003437025868195942,-8.46957935279613e-05,0.047713077183321406,0.02306762042871935
1965,0.005563461783853585,0.00019588054752614492,0.05078100957527132,0.02455421792505766
1966,0.016104950005765506,0.016151606852102013,0.02235572272851516,0.010832971189872587
1967,0.02204575539549669,0.026369650213019763,0.03994164157255575,0.019378688332506278
1968,0.00831488066357955,0.019898510110231665,0.06224736835713629,0.030072925939456596
1969,0.01505229447858114,0.014816608999038638,0.042462017171689626,0.02042773384280086
1970,0.006255337632560476,0.020512241388656482,0.03496866774780094,0.01686740886088947
1971,0.02050134318844088,0.00552450508617007,0.046134592993064216,0.022191651606671248
1972,0.010894418113475246,0.01944026681196337,0.04227147529003916,0.020469128273909426
1973,0.006495274201506418,0.0020767432390847995,0.0501687541716721,0.024451365634598154
1974,0.005854538313538438,0.014705929020711106,0.056312949723957395,0.02725236495290434
1975,0.014617970433465466,0.017237840906278307,0.033246914498852864,0.01610855365864422
1976,0.030455469102276478,0.04417246706976957,0.0396984260502804,0.019060013070651638
1977,0.014421536953301506,0.01667602176501029,0.02565697279690471,0.012416587644098476
1978,0.0031367289986530267,0.008847151143758253,0.06129995267776256,0.02930758798045538
1979,0.015416845421809544,0.027602758110036818,0.04671330558957354,0.02253354025627552
1980,0.017390929759564022,0.025727653234985215,0.05247350727184186,0.02538348161459575
1981,-0.0002851953813517438,-5.1678834541935004e-05,0.05106657414849902,0.024679899837105557
1982,0.025367907797774536,0.019266694208612933,0.041922303195002786,0.020033803642563824
1983,0.01475806766115828,0.021536707197567506,0.0417101450605214,0.020156414770479886
1984,0.008100427200188776,0.0028292409872451296,0.0316526903134261,0.015316912414441941
1985,0.019193981188755593,0.021520977493938914,0.034600783293346704,0.016656673275882217
1986,0.02688879358327756,0.039485971829097966,0.034466448068920186,0.016449694061464237
1987,0.013342623197671655,0.01923919580733957,0.03552370239995528,0.017182321579184423
1988,0.017639803749676775,0.021312537654436498,0.02503838846501716,0.01183309255310705
1989,0.006702610514315088,0.006139174581504148,0.052697954033465444,0.025537354739911783
1990,0.023483004298702315,0.02494408347797339,0.036773406154307575,0.017629019358454484
1991,0.0008268585469245471,0.019501411266170388,0.02830076536501247,0.01370590902844479
1992,-3.5757821420956404e-05,-0.006451711133794336,0.04589850808282181,0.022199038269348242
1993,0.015229543263081902,0.02388881626345729,0.03714224513624376,0.017885888944104728
1994,0.01308447904374388,0.013291584983723292,0.04520878908698811,0.021603930435116908
1995,0.013485126503397393,0.021820486582648346,0.0377674098917149,0.018255963446472373
1996,0.016384998948460683,0.018706722636196965,0.03609167059854268,0.01729556966814988
1997,0.028160048777187585,0.03609635368776429,0.034173933639594645,0.016520276379955012
1998,0.002953133235567229,0.029157186096139293,0.04080138593583371,0.019921015347341475
1999,0.012150318701999674,0.018045296120959065,0.04838522878868512,0.023385371460672988
2000,0.004250537008552935,0.004562728381722225,0.04133943025239806,0.019874194611291113
